207,186,200,253,221,149,190,202,115,156,156,82,145,106,213,189,200,172,147,161,174,196,137,223,145,174,136,173,225,105,177,133,215,134,160,246,140,192,207,186,191,167,163,185,127,117,104,111,162,106,137,132,224,106,120,97,148,147,124,125,120,113,94,105,98,124,82,95,211,186,248,251,227,205,163,214,216,256,201,207,207
241,199,214,334,249,156,243,221,123,177,184,120,170,122,248,220,260,224,184,205,184,236,199,229,172,181,151,224,281,113,221,195,237,170,205,283,159,240,234,242,218,177,176,199,142,141,123,139,182,135,168,156,237,111,138,123,179,151,134,130,131,142,138,103,115,156,97,120,268,227,260,282,245,248,190,226,239,267,210,244,240
434,291,280,400,330,222,313,296,212,289,259,238,246,192,313,345,324,326,297,290,267,332,237,377,279,270,236,297,402,203,287,296,318,262,277,340,247,339,357,381,329,252,279,312,214,184,257,204,272,269,243,250,328,171,234,185,290,235,165,224,267,227,177,227,190,211,173,189,326,323,367,404,360,370,294,303,294,374,300,371,341
131,98,94,140,108,93,100,111,90,80,86,60,101,83,139,134,127,86,88,152,112,117,92,106,104,130,76,90,163,79,86,100,117,128,87,114,55,128,80,132,137,113,59,141,90,97,60,61,95,60,90,62,108,62,75,69,97,61,45,73,88,56,45,82,82,47,83,115,142,141,101,78,133,135,106,98,144,140,69,113,164
603,422,386,555,441,376,431,380,309,477,413,392,429,360,387,480,424,555,384,464,382,458,327,522,418,423,331,417,548,308,435,445,439,410,387,536,401,494,500,455,490,413,436,458,296,313,371,299,350,402,350,362,464,345,347,299,356,327,256,351,370,340,321,349,324,292,290,361,450,424,504,517,535,561,440,460,456,477,501,496,439
138,109,98,145,108,94,109,112,94,92,86,66,102,83,144,143,157,86,95,164,116,123,98,118,104,130,82,95,170,81,88,102,123,151,93,114,59,168,85,147,141,117,64,153,94,107,62,67,97,64,90,63,116,62,75,86,102,61,50,77,95,61,45,88,82,47,96,115,144,151,133,80,141,147,107,100,148,144,80,114,185
112.22,-139.93,-70.741,17.668,-128.4,-37.633,13.212,-113.47,-37.561,-37.192,-186.3,-326.45,-171.58,-304.64,-93.17,25.631,-143.83,-102.03,-18.324,-57.732,4.5565,-117.56,23.89,-127.33,-200.65,87.087,-271.48,13.352,-116.06,-177.61,-155.11,50.292,-106.65,-27.313,-235.98,20.206,-69.361,-46.536,-111.28,-140.24,-140.96,-99.588,-51.737,-162.58,-25.535,66.268,-93.38,-282.39,-1.3711,-478.63,-258.33,-107.43,-217.31,-171.26,-255.58,-130.42,-373.34,-240.33,-153.87,-106.27,-93.888,-258.4,-711.02,-19.321,-291.63,-124.75,-256.59,-341.29,31.993,176.59,-19.971,-72.595,83.153,-112.64,-28.143,-132.82,118.45,242.8,-35.371,61.394,-138.88
540,448,365,431,538,305,440,442,385,467,360,299,354,331,438,530,504,351,370,548,462,551,322,428,358,472,309,436,607,279,495,392,429,400,335,437,328,578,432,563,462,382,401,485,413,356,359,324,321,335,389,354,451,308,371,444,361,339,262,329,327,343,297,360,357,243,346,339,540,396,483,468,458,401,377,433,430,440,408,457,506
-69.713,-239.98,-132.51,-6.7453,-329.87,-122.15,14.578,-79.172,-85.638,-277.44,-125.75,-324.17,-151.19,-254.16,-73.079,-32.099,-112.18,-212.18,-77.242,-23.328,-10.375,-162.68,-76.857,-354.17,-221.66,29.503,-213.55,-1.7314,-81.565,-191.92,-145.48,-6.8518,-97.436,5.6326,-213.29,28.973,2.0166,-3.3239,-148.27,-229.55,-188.37,-205.47,-92.913,-17.754,-139.25,-136.14,-30.601,-186.47,-115.85,-580.77,-237.17,-108.37,-198.85,-642.97,-295.82,-350.55,-438.51,-79.842,-171.39,-110.02,-57.571,-133.67,-665.92,-15.949,-430.71,-391.89,-366.04,-326.24,-92.28,-43.126,143.4,168.65,-93.814,-14.282,-41.866,-180.65,47.08,76.021,2.4489,71.086,-183.87
273,45,63,109,139,42,74,36,87,69,58,47,9,61,24,96,111,53,155,74,114,98,97,46,78,83,51,46,92,35,92,65,82,114,110,110,36,63,106,81,72,69,100,47,36,17,47,19,76,75,16,50,62,23,56,80,9,32,24,11,47,14,70,43,18,26,12,38,158,135,47,138,113,131,139,58,138,138,70,93,57
26,31,62,60,47,37,44,76,56,78,96,95,123,90,111,62,63,116,63,47,38,50,27,74,74,50,39,43,69,81,40,51,35,111,84,30,55,54,76,101,49,36,66,99,75,58,63,74,40,99,69,101,77,61,55,51,76,105,96,76,79,90,112,127,77,73,115,94,33,49,36,41,72,90,30,80,41,39,59,64,104
63.388,61.453,8.8629,25.316,-23.911,8.7187,47.916,16.06,62.757,91.903,70.924,32.156,76.634,81.728,33.193,33.744,52.188,75.297,128.54,13.007,9.7115,60.121,11.669,26.243,34.128,-31.33,40.056,1.4771,-44.217,132.01,85.395,17.562,43.505,39.143,91.844,7.6047,58.074,88.117,55.559,208.24,66.653,90.924,12.312,34.027,37.971,5.6751,125.53,105.45,22.782,201.15,99.126,95.408,44.25,218.27,159.96,74.262,94.163,-46.771,68.127,70.257,146.27,-7.5849,243.13,-10.072,124.6,30.981,94.707,104.2,17.686,37.125,10.084,-53.753,52.723,-1.6535,-1.1714,55.082,14.308,42.883,28.401,-18.51,25.003
163,107,167,153,120,83,74,280,127,22,55,67,96,127,98,108,64,110,122,90,53,165,145,94,90,150,72,113,172,76,250,120,79,110,103,123,92,161,64,79,116,37,67,82,44,36,32,153,117,121,41,73,72,35,49,141,42,48,64,54,90,82,65,44,64,65,25,61,87,79,59,75,124,119,108,143,140,110,181,212,176
-402.21,-311.85,-402.89,-77.051,-594.53,-260.9,-316.61,-203.64,-188.14,-423.03,-309.27,-655.29,-99.232,-958.66,-127.4,17.009,-309.05,-465.27,-290.33,6.0525,-292.63,-322.74,-154.36,-770.7,-446.7,26.638,-585.15,-94.588,-45.371,-661.21,-493.16,-66.785,-278.49,-219.81,-456.11,-96.273,130.42,-104.56,-609.26,-1221.7,-442.51,-577.5,-252.86,-309.17,-184.28,-836.88,-471.75,-597.28,-344.73,-1240,-353.1,-440.42,-418.02,-1182.3,-703.52,-479.84,-639.6,-413.76,-502.78,-258.1,-236.49,-575.05,-1810.3,-119.83,-633.61,-569.66,-588.24,-346.12,-120.03,186.04,116.08,319.26,-280.6,183.11,425.71,-219.19,127.75,-496.84,178.29,-123.17,-303.1
89,67,62,71,94,107,137,74,43,67,75,60,73,15,92,85,128,65,78,65,80,115,79,84,84,58,103,53,120,30,111,49,58,78,98,65,67,117,34,63,43,32,39,60,71,39,63,48,45,66,62,76,74,45,82,89,29,57,39,48,40,66,53,55,80,53,48,69,153,59,72,85,108,95,102,57,93,130,53,77,64
-24.518,-363.58,-337.92,-321.64,-919.2,-552.89,-198.45,-394.95,-99.684,-757.76,-229.06,-735.08,-492.75,-850.82,-424.66,82.461,-487.68,-519.42,-719,-178.45,-94.01,-286.7,-450.51,-622.98,-367.9,-60.98,-957.14,11.376,-377.33,-912.31,-127.37,-104.04,-149.91,-109.53,-715.13,156.26,-288.85,-127.23,-641.29,-766.77,-698.14,-481.97,-147.3,-168.19,-440.9,-343.28,-65.853,-547.68,-329.83,-447.65,-722.19,-449.2,-397.92,-1055.9,-635.13,-997.02,-1058.6,-753.3,-218.65,-410.54,46.974,-509.73,-1347,-1060.4,-1016.8,-583.89,-735.19,-1032.6,-373.78,-167.41,232.56,423.65,-144.57,-284.01,-349.14,-445.77,79.484,360.75,-255.87,52.34,-225.45
-5168,-5910.1,-1739.3,5.215,-5024.4,-5324.1,-4222.3,-2737,-3919.5,-5306.7,-3091.9,-9514.3,-3158.6,-5817.4,-3572.4,-2215.2,-4774.4,-7356.3,-2853,-2958.8,-3818.9,-3438.1,-2850.2,-9700,-6628.7,774.36,-7493.1,-1521.8,-3414.8,-10102,-7405.6,-1872.9,-4419.5,-2559.9,-5616.1,-2699.9,-531.56,-3099.2,-7594.8,-14516,-6341.5,-6685.8,-3168.8,-4457.8,-3683.2,-8415.2,-3733.7,-8341.1,-4402.8,-17186,-7257.1,-3698.5,-5741.8,-12604,-7339.8,-7736.9,-8427,-4377.6,-6422.6,-4843.6,-2836.1,-8105,-22471,-1465.6,-11175,-6578.8,-10090,-6814.8,152.61,-725.89,-927.64,2421.5,-5065.3,77.024,3151.2,-3341.4,1741.8,-2257.2,1523,-2483.7,-5664.1
2468,1936,1998,2118,2206,1671,1778,2628,1763,2065,2198,1880,1709,1779,2297,2151,2057,2503,2209,1952,2244,2396,2120,2191,2035,1973,1717,1981,2681,1951,2858,1655,2525,1980,1901,2001,2118,2639,1480,1487,1868,1876,1974,1616,1523,1183,1231,2111,1627,2183,1668,1907,1808,1168,1644,2444,1677,2059,1324,1706,1810,1936,1464,1871,1417,1375,1708,1543,2639,2067,2088,2065,2410,2289,2048,2001,2148,2364,1527,2310,1621
75.059,19.464,3.2148,3.0665,53.311,-22.014,34.419,21.002,-3.7964,75.348,87.093,41.495,83.596,65.244,26.38,60.754,30.642,41.81,97.92,33.678,-3.8809,23.873,-20.745,38.174,0.35597,15.731,102.49,16.709,-41.931,137.9,-10.799,11.446,45.335,41.986,92.155,21.847,1.4025,60.062,37.292,160.92,50.331,65.937,42.477,49.667,30.534,-8.9026,84.732,130.53,0.25047,263.45,107.57,77.667,37.005,220.06,163.17,40.85,110.51,55.219,97.001,77.833,148.7,-31.422,287.32,-3.3787,100.14,14.75,95.457,121.42,21.416,47.863,59.233,11.286,68.579,21.817,21.118,44.426,32.115,-1.6981,4.9797,-12.897,49.167
402,328,324,336,405,199,326,327,271,393,306,351,314,225,374,536,479,371,363,459,337,430,278,355,292,285,255,353,384,265,346,351,340,346,267,293,273,326,298,347,290,377,256,451,182,247,234,275,268,258,286,279,326,230,338,344,291,344,178,314,325,208,250,287,229,201,230,254,404,397,382,356,374,425,349,341,419,365,345,351,379
-502.61,-1836.2,-99.228,-569.92,-1076,-1081.4,-1008.1,-721.11,-1505.3,-1718.9,-458,-2810.8,-1136.8,-1762.4,-626.03,-803.65,-1464,-2324.7,-1000.6,-917.62,-553.26,-1042,-813.16,-3221.1,-1690.4,197.08,-1565,-350.53,-650.73,-2673.8,-1292.7,-331.82,-1116.4,-818.04,-2072.8,49.074,-21.89,-100.99,-1835.6,-2786.8,-1290.9,-1798.7,-733.02,-801.14,-1095.6,-1750.7,-410.1,-1659.9,-1175.6,-3752.7,-1761.5,-869.24,-1284,-4175.6,-1324,-2702.6,-2863.4,-1508.2,-816.43,-1273.8,-468.07,-1627.5,-6700.6,-774.51,-3626.7,-2193.3,-2748.2,-2190.7,16.971,-1140.6,111.81,1053.6,-1008.2,372.8,144.55,-1302.5,288.78,-272.46,808.14,-339.42,-1314.6
-34.6,-84.343,43.426,59.366,5.6513,-4.7478,-49.308,-4.8625,-30.842,-18.609,41.664,-102.75,-56.893,-105.05,-48.75,18.931,7.6835,-40.172,54.609,-4.479,-55.046,-10.128,39.334,-142.43,-68.931,38.155,-30.775,15.09,11.731,-88.182,-30.278,7.2927,-21.09,-19.534,-66.625,-17.97,-14.64,2.4104,-24.543,-111.48,-32.621,-6.9742,-1.8918,-82.387,6.8014,-49.062,-27.698,-87.788,-16.852,-10.246,-34.707,-33.278,-37.016,-121.37,-74.638,-84.444,-78.221,-57.815,-71.898,-7.1757,-33.275,-66.413,-209.63,27.899,-104.59,-72.065,-81.297,-4.1644,41.375,108.45,37.61,101.53,-19.775,19.288,109.36,78.261,97.75,-22.836,81.162,19.239,-50.229
19.583,106.87,22.243,-7.4675,95.287,81.569,70.572,65.428,39.401,181.39,226.83,161.9,181.29,269.6,104.33,100.08,50.518,161.68,92.66,88.885,49.574,115.35,2.5853,227.06,-108.6,71.189,102.69,27.3,85.809,86.571,72.189,37.86,41.177,67.52,145.71,26.288,46.564,257.91,137.34,318.25,104.98,146.29,15.148,119.16,1.0585,68.277,274.03,224.87,90.68,435.99,279.71,224.12,138.73,329.16,276.59,75.767,125.03,53.934,109.57,121.72,214.9,57.263,451.55,109.87,342.91,23.099,231.42,118.38,109.62,125.61,129.98,-30.415,-43.425,99.943,76.694,184.47,89.94,-17.269,140.97,83.009,103.23
45,12,28,25,38,36,34,29,22,12,12,22,21,29,22,18,60,22,36,24,25,58,33,18,23,19,27,20,30,15,31,23,30,22,25,46,57,39,44,29,18,61,14,8,22,4,22,21,32,36,25,10,47,7,18,28,7,16,3,18,19,30,16,19,3,19,5,6,29,27,26,48,43,63,30,40,37,28,58,41,32
-489.11,-5454.3,-2669,-4446.5,-1069.4,-1066.9,-1591.4,-3493.9,-2244.6,840.8,427.51,74.603,1970.3,2525.1,-1241.4,-713.03,-3839.9,-6956.2,1444.2,-925.39,-2784.8,-2503.2,-339.62,-3183.5,253.13,-920.41,-1395.2,-2212.1,-4112.7,3593.8,1351.4,-862.71,-1657.3,-922.63,2264.7,-1432.3,-403.58,-345.15,895.69,8909.5,1859.8,3756.2,-3469.4,-1535.2,-2417.8,5.8649,-117.78,2803.6,-3517.9,8417.3,-574.54,1673.3,1338.8,9904,-1893.1,-430.75,2328.9,3589.6,832.02,-408.74,2474.7,-2593.1,6359.1,-3764.2,4118.1,95.223,993.85,4619.4,-83.703,-2094,530.61,-724.53,-1465.4,-1040.8,-4367.4,-141.57,-3096.8,-1221.9,-1592.5,-641.18,-675.2
3037,2318,2335,2503,2681,1920,2118,3030,2150,2488,2610,2340,2158,2063,2866,2726,2679,2894,2639,2424,2601,2809,2436,2594,2328,2384,2269,2568,3243,2478,3335,2204,2985,2396,2255,2442,2602,3205,2076,1970,2301,2314,2549,2041,2042,1465,1681,2539,2062,2742,1994,2265,2271,1521,1996,2793,2397,2473,1719,2041,2270,2377,1733,2288,1847,1626,2051,1919,3211,2468,2530,2573,2965,2731,2464,2346,2422,2827,1909,2817,2097
210.85,-545.49,-169.2,-172.75,-69.6,185.71,-265.1,5.8089,-160.03,90.218,83.197,15.128,227.65,428.31,17.855,160.86,-251.25,-322.9,507.85,94.482,-144.82,-103.99,102.01,-380.89,21.943,-94.681,-107.48,44.878,-379.24,643.31,21.471,214.17,-244.58,129.38,416.72,-47.712,-58.032,307.1,195.18,798.86,202.41,73.129,42.524,271.49,15.412,-230.45,241.66,612.86,-230.11,752.87,109.73,107.5,-85.653,1066.3,213.53,96.966,192.11,601.92,375.76,139.27,339.33,90.679,991.25,-44.276,529.65,82.441,510.97,648.57,-81.917,199.28,-128.8,174.99,98.753,-34.577,-308.21,335.96,64.454,-110.29,-11.006,-106.85,371.02
111,68,52,148,121,72,116,59,77,92,64,48,67,119,96,126,171,93,76,147,125,121,84,158,90,83,64,62,124,64,96,130,123,103,117,134,121,150,99,113,117,74,68,111,90,84,60,86,108,61,68,66,91,70,80,123,69,60,39,60,110,49,44,64,75,31,66,85,159,80,95,97,105,156,100,92,113,102,77,89,113
226.05,228.69,-43.381,-115.19,322.61,7.3062,90.077,122.48,25.107,458.83,422.41,219.04,346.96,191.07,92.479,287.85,114.37,137.15,488.27,191.56,59.374,140.97,-24.656,276.84,-37.213,40.613,527.53,51.007,-90.996,470.74,206.26,115.35,140.59,194.21,375.53,0.15629,113.55,342.33,160.16,914.5,399.73,296.49,165.35,249.91,145.25,-65.045,441.63,621.55,-15.519,1309.3,478.6,492.74,149.33,957.17,716.69,143.95,397.22,226.26,459.52,237.63,711.53,-20.01,1176.9,78.185,648.06,85.196,518.9,512.09,135.83,323.88,251.82,70.039,234.11,185.46,139.56,351.76,207.61,-19.69,57.78,48.151,141.22
-632.06,-579.08,-63.09,261.2,-374.95,-467.08,-775.59,-95.529,-418.37,-556.34,-335.95,-1104.8,-146.16,-1038.2,191.41,12.018,-100.9,-629.15,-47.228,-25.023,-317.17,-341.63,-160.41,-795.09,-910.38,251.92,-98.305,-20.831,99.423,-1230.9,-1113.8,-7.436,-307.39,-86.503,-663.87,-296.88,-27.534,-233.18,-672.2,-1273.3,-820.07,-713.7,-324.88,-624.33,-268.43,-1304.1,-707.97,-1115.3,-563.07,-1074.3,-649.93,-538.87,-633.65,-2143.4,-1436.4,-464.89,-834.34,-338.52,-872.96,-361.97,-245.94,-975.16,-3518.1,-0.059414,-1244.9,-757.42,-745.21,4.7522,179.31,211.94,142.68,676.42,-577.43,297.5,1155.6,-126.52,494.96,-876.03,605.46,-209.39,-327.18
287.27,835.59,445.27,12.848,658.77,668.15,508.96,221.74,614.42,465.25,1121,1034.2,926.73,1072.5,934.28,107.2,825.04,637.67,1282.4,418.82,217.48,225.19,362.63,1054.5,500.52,390.4,591.45,49.162,646.99,1222.3,430.28,-28.4,-0.84558,491.58,758.76,79.402,162.29,713.65,748.74,1719.9,1623.2,842.03,700.41,455.2,407.36,1102.4,1203.7,1178.8,141.15,2211.8,616.53,1149.1,371.25,1770.8,1093.4,390.97,980.63,867.62,686.25,479.15,794.5,365.72,2294.8,1177.2,1630.8,721.72,1229.6,881.87,6.2621,567.82,678.59,474,294.52,799.64,264.8,862.29,564.75,1110.4,1410.1,-420.42,709
136,74,41,107,132,98,89,97,75,104,56,84,68,65,66,87,115,91,59,113,106,114,51,76,77,94,60,115,154,86,89,106,72,88,79,149,99,98,72,154,111,107,81,86,41,67,60,61,54,79,62,48,40,74,65,75,73,70,45,68,94,69,60,32,39,48,94,54,186,113,100,63,129,150,59,61,63,86,151,93,118
543,474,456,500,557,359,446,469,425,547,422,476,450,360,532,648,643,518,519,610,509,584,394,518,401,414,400,451,659,363,505,496,420,481,403,419,415,597,520,575,397,526,422,561,319,356,426,433,407,420,366,411,475,330,464,517,501,443,245,436,494,303,401,391,316,278,424,405,596,513,560,514,519,603,522,475,526,570,453,516,578
415.92,1886.2,263.53,-372.34,228.42,169.79,894.29,-168.99,1603.4,1405.1,2873,2346.9,1290.4,1448.1,1549.9,1837,1108.7,832.3,1633.8,831.67,1354.8,1535.1,878.72,2068.5,967.04,-771.28,769.61,15.4,-623.2,1591,1181.1,-135.96,1386.2,-69.461,1985.2,-407.34,1058.5,362.23,2670.3,7170.4,1465.4,3191.5,121.4,117.19,36.999,664.78,2725.3,1793.3,-1792.6,4396.8,3944.5,1666,1825.7,3778.2,3329.6,1335.1,1692.8,861.05,1377.4,1663.8,3604.8,-568.93,4904.9,-492.37,4458.4,80.304,1695.2,2200.1,372.83,1388.7,2005,-82.82,900.05,586.53,289.24,2506.9,28.533,506.29,743.94,833.04,-999.62
-73.714,-272.14,138.14,-132.11,959.25,37.674,-238.44,-225.9,176.25,91.965,984.22,558.25,482.17,742.16,-35.418,18.763,394.73,273.77,1206.9,66.863,-174.44,95.818,308.13,454.66,235.62,-1.2031,415.12,-49.06,-264.5,70.429,205.51,93.093,51.794,151.43,375.27,164.24,89.613,489.65,362.88,986.34,504.48,354.83,194.07,290.43,-42.735,1043.7,496.18,737.13,202.97,1752.6,789.33,561.72,158.23,-373.57,692.99,257.68,343.58,287.74,377.28,257.77,819.19,395.77,2043.7,280.9,1289.4,148.9,674.17,488.53,418.09,-42.972,454.06,14.131,-72.327,425.74,-474.49,-121.64,230.63,315.94,-300.01,-63.648,474.84
123.91,169.6,78.042,5.0463,161.58,201.31,11.042,73.459,153.9,167.27,218.31,183.46,240.04,326.87,60.288,178.32,228.57,184.11,294.56,98.231,48.523,183.91,105.06,305.97,266.52,-44.682,82.36,60.751,93.533,194.72,233.58,83.628,76.98,89.948,211.33,64.262,64.312,104.03,258.95,437.73,-47.205,196.47,44.229,172.14,29.063,298.34,259.5,233.92,159.12,436.45,246.13,189.88,163.37,333.12,229.44,258.87,279.27,135.86,221.76,115.14,140.64,101.23,563.03,320.46,393.96,45.209,245.17,162.91,247.41,99.286,52.601,-22,87.126,157.11,-22.659,141.8,201.88,53.985,89.193,56.692,205.92
83,31,20,40,26,33,11,3,25,30,16,31,1,21,16,73,16,8,41,15,47,33,22,13,15,15,8,20,14,3,40,30,14,18,7,37,21,28,33,20,5,26,29,3,2,0,12,0,70,24,0,10,13,10,3,16,3,0,5,8,7,8,29,15,2,16,15,2,35,23,34,25,73,31,51,7,55,36,40,22,21
63,62,35,65,58,61,35,75,40,38,18,36,30,69,67,45,62,48,40,62,46,64,39,27,54,134,47,52,37,52,60,40,53,36,72,45,58,74,17,48,62,38,51,23,36,19,8,91,58,13,2,33,36,19,16,73,35,52,3,59,59,20,30,29,4,44,26,30,41,55,18,31,78,70,87,51,43,90,50,83,54
218.09,336.39,154.89,21.541,187.97,362.89,81.352,140.75,279.55,281.56,396.18,412.63,368.16,476.37,144.65,323.75,381.42,318.94,494,168.51,87.101,331.23,153.9,568.85,479.04,2.6909,127.41,128.65,195.04,364.9,498.13,158.37,176.09,98.759,362.92,116.63,150.88,253.04,468.57,782.25,-31.585,357.78,68.965,314.01,53.78,593.72,528.19,418.56,293.72,751.93,474.24,275.79,293.15,565.26,545.53,439.88,479.66,241.66,376.54,237.25,350.85,232.73,1086.3,542.89,807.76,99.389,404.34,283.84,430.88,201.6,86.222,-2.9613,152.45,309.69,7.0675,334.81,361.33,112.19,213.79,99.562,351.3
30,54,124,128,117,42,56,137,31,18,18,37,27,37,38,72,43,47,42,33,32,36,39,100,107,32,35,56,179,47,74,76,81,77,52,104,82,51,37,40,50,37,27,60,17,17,13,47,46,90,24,43,26,26,31,52,36,17,74,23,41,43,22,22,25,15,27,30,31,39,23,80,39,40,36,52,62,54,40,170,62
770,546,453,536,669,443,557,560,499,638,528,439,475,459,555,676,637,478,483,653,558,713,440,561,470,647,458,544,795,401,623,577,558,490,422,662,516,730,554,691,597,485,572,671,552,474,468,436,436,450,522,530,622,401,497,611,539,490,341,434,485,452,403,487,413,322,425,534,676,495,615,547,625,596,476,527,605,609,565,577,651
32.171,-54.039,-68.212,24.592,-77.236,-204.05,39.045,-60.719,-15.41,280.09,120.76,-49.422,224.5,7.6478,75.581,2.9598,127.3,-80.91,301.54,43.669,21.298,89.573,-17.963,-56.531,0.98274,-64.936,66.793,31.411,-80.809,98.159,10.29,-29.154,16.277,51.056,269.24,11.764,114.75,69.398,263.29,482.73,89.25,336.82,-60.399,2.9758,41.272,-325.36,304.64,346.49,-8.3425,231.4,374.64,95.083,102.56,693.83,463.9,-39.572,352.45,-3.2538,138.11,157.37,405.92,-248.13,159.8,-188.75,284.98,130.51,146.57,261.63,103.76,174.98,200.17,-81.922,146.32,-163.18,-38.685,158.08,-1.3287,-15.685,-192.77,-68.157,-69.579
-970.33,-5467.9,-2190.4,-11623,-4641.3,-5200.5,-10666,-9568.6,-11420,-4624.5,-2421.9,3195.6,-1658.7,7310.5,-9086.3,-2170.7,-11578,-13923,-1241.2,-10160,-6640.7,-7645.3,-3424.7,1285.2,-10265,-5065.8,3133,-8054.7,-14172,4133.2,2534.2,-4682.6,-11574,-6582.7,-965.91,-7827.2,-7963,-2224.1,-2430.8,7186.7,667.45,-8666.1,-9361.1,-1129.6,-6840.3,-4022.5,4917.3,1041.3,-11483,9612.5,1702.4,12.777,-5131.7,7574.4,4351.1,-830.17,-3081.4,1180.8,-801.94,-4041.7,3275.5,-3358.9,14014,-7197.1,8629.4,1969.4,-1704.2,1275.5,-128.21,-7804.9,-7224.6,-3474.7,-10794,-2083.6,-17910,3600.9,-1709.5,-12409,-3082.5,-992.58,4570.7
200,131,187,254,191,132,212,160,121,215,152,166,224,79,141,175,220,169,199,118,199,227,140,134,132,235,159,140,136,110,219,128,125,235,165,154,177,171,113,105,127,108,84,175,127,71,127,175,121,231,105,112,157,95,176,191,85,136,86,163,161,109,117,141,107,117,101,134,248,142,199,169,187,223,182,234,169,200,169,153,172
42.606,-121.08,-94.239,-4.4625,-58.671,-92.387,34.324,-20.657,-49.968,170.37,60.358,-38.081,158.69,52.82,0.26725,3.1353,57.465,-56.449,164,25.059,5.5328,16.724,-63.968,-39.98,14.01,-19.972,34.398,46.676,-120.56,49.828,-66.963,-1.6668,-36.229,35.9,131.9,-17.012,7.8193,57.237,60.418,89.845,-21.7,126.12,-29.065,-2.4204,31.385,-215.4,172.16,220.92,-6.7833,5.7322,169.9,19.368,62.939,416.82,250.26,-51.981,206.9,26.389,33.996,79.927,244.09,-113.92,18.583,-59.508,101.36,67.852,82.826,115.58,53.243,74.902,82.734,-78.147,45.104,-117.9,11.407,73.832,5.204,-23.24,-103.19,-45.164,-10.061
47.852,579.55,-116.72,-38.953,-291.15,-151.92,391.51,23.273,408,765.46,944.53,441.44,519.23,-230.45,420.3,429.38,217.7,413.56,1142.4,305.33,267.71,649.25,221.93,749.64,207.05,-415.09,298.01,60.173,-317.02,73.643,277.54,-57.439,236.62,106.35,908.1,-128.57,494.12,419.77,974.68,2128.8,242.09,989.3,157.77,81.034,109.25,-576.13,1204.6,914.85,-205.08,1012.2,1600.2,803.52,689.47,1567.9,1735.8,610.88,738.38,-512.37,509.77,508.39,1607.4,-258.82,1357.7,-495.13,1744.6,397.81,700.24,650.74,549.85,767.27,702.61,-599.14,277.33,127.06,225,963.87,67.576,80.44,286.19,94.443,-277.99
369,126,122,224,254,120,184,138,187,138,150,113,128,172,86,153,187,217,205,181,172,199,152,118,181,225,163,137,157,166,197,145,173,169,206,227,116,167,226,191,209,153,193,143,121,78,132,187,168,180,90,144,143,102,166,155,71,107,158,89,146,96,128,148,73,119,96,132,265,250,121,226,207,264,258,133,208,224,146,199,158
-25.349,221.46,8.938,-44.858,168.76,180.02,74.25,151.52,198.47,277.61,328.62,305.57,252.49,59.011,224.83,173.41,75.403,181.07,311.9,135.06,21.8,224.52,43.344,383.54,297.33,132.39,362.45,34.202,48.765,80.26,220.22,45.624,191.33,-14.725,293.66,33.603,116.84,139.7,206.98,609.24,118.68,97.283,198.97,15.408,138.18,190.94,418.53,259.39,265.46,666.7,449.41,284.66,366.28,290.65,394.97,278.71,267.25,81.393,399.16,182.56,321.54,142.23,590.13,-311.81,560.98,206.42,379.03,326.45,228.23,290.34,119.33,-164.62,65.036,76.196,232.03,226.39,33.809,367.19,203.06,146.07,16.163
253.91,511.03,359.32,170.65,414.05,386.92,195.83,298.82,272.37,333.14,621.15,719.48,326.83,441.24,468.07,485.48,260.17,561.64,820.91,455.8,184.99,232.31,309.44,490.34,422.36,113.24,234.5,139.86,222.94,664.26,124.33,49.835,251.17,243.33,281.55,159.72,116.57,-22.364,541.45,944.15,747.85,390.6,401.34,329.93,134.05,633.45,782.37,686.7,79.98,771.38,611.26,507.24,561.46,199.35,602.54,457.45,386.85,369.52,377.82,324.41,439.89,116.26,1376.6,368.52,959.93,205.56,670.43,611.73,98.661,427.13,105.59,300.76,319.41,295.41,54.62,218.9,153.46,621.87,514.24,444.29,265.92
-69.859,-75.198,126.35,147.18,69.294,-23.923,-112.57,51.453,-19.414,-97.089,81.502,-339.74,-109.27,-144.71,-25.037,41.502,25.833,32.51,215.01,55.329,-56.308,-76.276,111.42,-185.94,-215.09,150.47,60.136,40.506,30.404,-174.22,-213.56,39.212,-75.527,27.252,-95.841,-74.15,34.448,29.904,-24.573,-64.883,-171.34,40.375,-9.1588,-144.55,3.3552,-244.9,-95.824,-274.19,-75.551,121.23,-17.277,-56.494,-21.315,-505.05,-327.82,-69.737,-278.25,-2.7021,-200.5,-102.53,-105.63,-242.34,-754.66,129.82,-306.62,-70.025,-272.84,94.255,98.203,283.6,103.27,240.63,-109.45,68.257,335.28,157.07,171.69,-220.92,205.05,-8.1795,-72.81
1810,1174,1097,977,1353,1013,1063,1997,949,1052,1023,1282,977,1196,1207,1004,1278,1602,1454,1221,1025,1921,1124,1447,1008,1248,1012,1127,1716,1056,1803,836,1065,1358,1174,965,906,1584,796,946,1137,1025,1208,1032,963,800,746,1028,859,1190,765,1081,883,595,1009,1616,953,1241,733,848,731,1112,672,872,711,766,869,859,1351,1227,1111,1022,1201,1735,1264,1021,1262,1221,793,1663,937
142,39,37,67,73,52,61,52,59,32,35,99,48,66,32,37,165,34,71,44,52,108,65,38,43,66,44,30,43,28,56,37,92,42,98,57,119,63,103,54,40,86,25,19,39,8,22,38,53,79,40,57,61,10,46,61,11,37,7,71,60,40,38,28,5,43,12,18,69,64,89,72,92,153,81,99,88,54,98,84,85
575,501,454,607,569,407,486,477,499,591,433,505,490,448,553,727,763,550,515,592,521,617,401,557,393,485,457,465,703,373,560,548,459,536,472,412,386,674,567,619,497,553,432,726,393,385,477,446,391,469,390,418,585,390,448,545,502,480,255,406,543,326,436,409,331,291,441,447,658,576,647,594,554,650,579,552,521,644,479,543,607
85,79,86,58,61,91,125,116,54,41,58,37,9,19,29,51,104,26,63,62,89,41,78,42,46,77,100,71,66,65,63,93,18,68,79,63,99,32,20,86,98,67,92,60,31,51,18,75,46,15,17,60,80,42,54,69,31,42,38,39,34,41,21,54,54,41,47,75,132,68,24,108,30,83,37,60,78,46,86,51,40
295.15,164.82,182.88,62.374,423.96,352.21,19.866,208.52,208.12,231.72,382.04,603.54,250.4,138.59,260.82,303.24,-9.5368,22.143,641.84,328.73,60.375,209.75,300.11,290.09,241.49,11.411,348.71,114.22,-5.6363,635.16,250.38,-58.762,265.47,292.25,440.15,11.224,203.27,-83.428,603.22,898.05,438.96,327.39,176.2,343.16,208.4,424.32,473.92,639.36,-222.2,750.49,585.95,298.86,518.07,698.27,532.73,69.533,258.5,416.29,519.09,399.4,378.28,97.257,1204.6,-16.774,706.04,341.28,434.7,271.51,62.642,262.02,102.41,356.29,538.63,219.9,29.883,270.8,176.28,491.85,6.923,360.17,75.743
86.899,424.78,291.89,-44.406,292.19,264.51,290.41,46.807,303.28,151.56,394.29,507.35,608.42,490.37,97.044,147.45,407.13,297.48,675.08,1.375,155.89,71.735,108.99,485.9,100.85,97.68,175.48,115.35,337.71,507.85,-12.613,102.49,159.69,295.5,523.79,40.938,68.098,328.73,415.74,952.14,755.6,303.49,325.34,273.12,214.33,562.37,176.79,454.9,1.4878,1201.6,282.89,668.9,351.96,1169.5,558.93,177.06,392.72,293.88,502.93,152.64,314.76,189.3,1152.5,712.08,902.96,338.68,538.34,565.57,38.776,358.27,388.16,480.57,47.371,453.76,53.616,535.31,424.75,398.07,477.02,-100.67,425.54
-58.019,442.39,19.794,-13.323,201.42,331.76,277.3,171.52,138.57,434.49,696.08,532.7,465.55,317.74,256.6,319.4,-53.852,509.54,212.38,340.16,270.48,318.88,5.3232,787.64,-154.84,87.748,272.13,68.564,222.85,86.971,92.488,182.43,186.06,64.665,525.48,3.2977,176.21,597.63,425.88,896.89,302.75,329.03,150.36,284.12,51.162,176.92,762.23,683.64,222.12,797.98,881.91,721.96,424.54,772.96,923.35,387.25,318.01,-66.934,232.01,252.69,749.79,145.59,1099.1,156.95,1006.7,196.64,566.39,233.93,414.3,438,340.91,-219.99,-108.89,310.59,440.14,649.31,161.14,-85.156,418.24,280.68,213.03
123,120,96,97,101,74,103,83,105,116,81,103,75,62,118,128,140,98,104,102,104,123,77,67,111,100,98,103,121,57,101,160,80,132,108,88,112,128,81,100,68,126,77,122,41,56,92,52,73,169,104,73,90,67,83,93,78,80,89,99,94,74,82,103,63,45,83,78,130,117,104,122,114,115,106,132,114,99,117,113,139
1817,1174,1114,987,1354,1014,1079,2003,963,1079,1041,1309,1012,1205,1222,1018,1285,1627,1465,1222,1030,1932,1175,1472,1021,1252,1038,1128,1752,1068,1805,855,1080,1370,1197,965,908,1599,801,961,1149,1050,1231,1047,965,812,751,1036,860,1209,786,1097,901,615,1027,1622,963,1257,759,891,740,1134,678,925,714,779,872,881,1356,1245,1116,1032,1213,1777,1269,1043,1281,1224,808,1667,949
268,190,219,296,227,172,242,191,155,257,181,219,285,126,189,227,284,219,223,185,235,273,182,154,171,271,184,175,165,151,237,191,180,310,228,193,207,210,168,154,188,136,130,224,153,97,166,216,175,284,160,163,203,139,218,233,137,193,109,212,208,143,178,195,133,148,129,191,285,207,245,230,224,323,218,267,203,243,193,172,227
0.84025,-180.25,-164.38,-70.963,-179.59,-72.875,-16.72,-47.914,-148.13,152.64,42.968,-148.43,156.77,190.86,30.846,-27.317,5.584,-239.47,62.49,-20.317,-23.369,-142.69,0.19609,-146.41,28.844,-76.336,-70.148,35.193,-59.508,11.104,-97.618,-46.412,-30.654,8.1203,139.51,4.0815,11.445,19.283,170.94,112.35,-49.815,170.53,-75.687,-65.243,-29.573,-273,142.64,286.27,-14.693,263.14,161.17,-16.446,45.547,610.97,149.15,-84.279,158.07,191.12,30.431,62.005,299.24,-125.79,25.251,-239.45,245.39,95.607,-106.97,119.32,-82.725,69.729,106.52,82.31,-14.798,-138.93,-64.381,34.889,-40.935,-134.3,-187.63,16.332,-25.101
166,238,146,60,155,169,191,70,37,37,104,105,45,78,132,106,92,158,116,96,90,106,49,114,94,50,21,79,212,65,118,152,72,71,67,97,96,182,51,47,32,72,143,41,65,37,13,48,37,74,51,131,104,24,119,124,51,83,36,91,48,23,59,64,28,32,17,34,73,190,14,163,71,147,78,87,99,20,86,34,101
169.12,-729.19,-234.98,-443.47,-42.325,461.67,-537.84,-66.249,-540.37,166.01,121.62,96.735,624.33,26.414,-238.22,220.24,-146.94,-620.51,622.2,-44.516,-244.43,-385.39,87.849,-267.58,280.21,-149.28,49.059,99.889,-463.73,935.3,-34.308,376.01,-555.08,406.79,912.15,-68.29,-193.23,699.47,19.4,757.64,460.98,125.8,-57.645,335.33,30.557,-909.6,502.68,1192.8,-445,1208.3,198.89,575.85,-69.671,1752.5,807.53,-20.176,83.613,702.72,945.88,26.114,1034.3,36.728,1686.4,-139.05,1255.6,44.322,608.06,1243.5,68.252,516.84,-103.44,176.33,-4.6663,-98.357,-505.99,926.99,78.576,-332.97,-87.932,-208.47,622.46
223,173,98,197,212,176,211,196,197,210,119,159,161,178,157,176,275,159,126,197,160,215,127,146,155,227,136,169,205,153,217,164,143,138,162,255,194,213,142,226,195,178,151,198,119,138,160,181,111,178,129,109,103,118,138,162,150,125,137,141,161,137,173,88,129,123,179,147,298,203,163,179,198,244,155,123,169,140,209,166,178
1281,801,751,989,1138,711,1010,881,851,1095,767,920,820,841,959,1239,1212,834,850,1044,845,1231,675,893,746,1042,820,988,1259,684,1054,1193,954,939,842,1021,844,1285,900,1133,1001,819,855,1188,871,692,770,804,710,948,817,882,1012,721,816,1045,1055,922,552,748,936,671,734,788,690,620,802,981,1263,958,990,994,1048,1167,871,930,1049,1143,978,889,1052
92,51,48,55,35,29,43,12,16,8,13,31,19,3,47,26,97,14,48,27,22,21,41,36,21,14,15,58,6,7,4,27,27,48,13,17,19,7,37,6,31,48,19,39,14,21,24,17,24,17,4,7,19,19,30,34,28,18,23,34,15,9,3,27,3,12,24,22,1,67,34,37,45,33,42,72,20,55,65,28,53
-313.44,-323.72,200.26,-212.54,671.67,-75.118,-176.2,-255.93,-420.24,71.61,587.13,411.71,316.91,416.21,-74.559,-141.27,373.46,-114.89,522.88,-87.763,-148.71,-292.49,206.42,236.11,-313.67,-7.8492,511.4,-41.466,-330.51,-57.562,153.51,140.96,-283.08,-29.498,-132.55,226.11,-42.788,538.96,114.18,79.872,468.69,-104.95,-30.093,113.05,-90.841,452.42,490.7,612.39,73.81,1058.9,399.21,243.35,-79.671,866.83,425.99,26.991,-370.8,208.59,463.18,151.44,438.17,366.06,831.72,280.7,86.305,-23.288,202.48,428.98,322.63,-169.43,280.92,176.16,-166.44,119.42,-346.73,63.596,-33.263,26.849,-72.622,14.923,510.05
-184.35,-437.65,-394.05,-191.23,-427.33,-193.68,-49.929,-133.12,-166.8,181.84,94.19,-333.99,111.23,315.01,29.995,-84.278,-128.9,-523.65,156.22,65.339,-89.062,-270.3,-24.339,-386.18,67.207,-144.83,-548.36,15.335,-193.04,162.25,-195.1,-142.16,-88.316,-81.79,272.8,-45.684,58.9,-98.01,330.25,119.95,-62.349,283.15,-81.791,-222.41,-78.373,-223.25,168.68,286.3,-84.262,607.42,39.457,-85.326,30.228,953.25,61.17,-19.969,200.38,436.92,65.699,52.119,473.88,-160.05,-173.2,-439.3,413.16,-40.3,-285.97,236.48,-141.16,81.608,249.07,73.965,-9.1908,-173.7,-219.51,33.969,-65.922,-187.54,-302.65,20.949,-158.74
-81.274,-254.32,73.624,-51.819,243.96,-137.73,86.475,38.841,237.95,-38.207,316.93,257.35,181.28,221.61,-114.99,-76.174,118.72,228.11,-166.49,16.869,-189.02,117.17,5.6384,122.22,21.772,102.11,426.41,-90.154,-228.93,280.11,0.4944,-61.422,-12.406,7.012,218.19,-133.23,40.468,10.925,262.07,-37.343,54.563,127.54,22.823,-57.429,106.45,-335.07,128.21,206.52,-3.8946,630.54,174.29,116.44,308.75,802,347.73,66.739,132.03,-71.986,297.29,-1.4279,265.65,44.127,601.35,-0.27143,-168.71,69.668,57.575,-106.84,-132.22,-113.42,201.52,70.422,247.54,68.406,-131.94,-243.92,-279.33,316.05,-512.47,-122.74,-162.75
86,32,28,39,28,26,40,38,37,36,26,25,29,21,46,54,20,35,33,53,30,64,25,36,25,39,47,25,31,18,61,29,52,36,34,41,28,25,32,52,35,41,24,28,27,21,45,33,41,45,41,28,14,31,27,16,15,21,20,19,34,17,22,22,36,22,48,32,37,46,44,51,55,38,38,30,73,38,32,49,76
221,150,189,193,142,178,118,84,180,132,176,218,139,175,131,219,290,199,135,101,148,383,100,162,156,201,142,183,197,205,238,128,152,200,141,217,190,188,150,311,186,144,182,125,78,84,80,51,235,182,106,115,143,82,72,213,119,79,29,274,212,141,158,151,59,137,76,95,139,218,168,215,320,270,185,156,338,145,305,217,187
-151.4,214.55,-226.9,67.238,36.767,-125.68,57.462,-77.26,-45.284,86.004,-67.53,55.887,297.48,346.37,215.85,-21.364,-137.18,569.51,-153.72,-179.41,-131.29,128.72,-557.82,4.7661,-83.318,224.74,117.47,-250.57,75.708,-209.67,-143.89,-245.73,147.86,-385,40.66,103.83,-65.531,-622.08,105.02,242.22,-997.46,44.975,-550.38,-169.46,130.57,-15.552,607.3,-209.32,83.016,1044,155.14,356.63,71.114,627.63,657.6,357.02,-141.96,287.61,108.49,-643.36,645.92,-105.47,1426.4,382.58,-251.59,182.92,-134.04,84.063,-293.71,-219.77,-874.71,-1212.2,-175.99,-666.82,-617.74,-829.16,-471.71,-290.13,-445.75,-173.01,235.77
217,131,192,203,141,113,114,335,167,65,93,139,155,173,152,151,97,177,172,129,67,226,160,149,144,209,123,158,271,105,316,165,145,176,181,166,121,214,140,134,193,98,117,207,81,95,92,209,161,176,92,114,137,57,136,208,83,84,126,114,150,150,97,108,118,120,90,118,158,104,107,132,169,171,131,203,168,231,224,269,232
45,14,13,55,24,19,34,20,17,24,16,8,36,27,11,45,16,6,15,16,11,38,16,26,15,22,27,24,33,20,36,7,33,47,35,36,27,23,14,10,24,40,28,19,8,24,19,23,30,24,16,10,21,12,22,20,23,15,6,20,17,21,7,15,27,10,36,19,34,17,53,32,20,49,20,35,27,46,15,27,36
60,33,28,58,45,31,29,47,18,53,23,24,28,35,11,101,35,37,29,33,23,47,30,22,37,37,68,26,61,15,56,61,54,26,43,42,39,23,42,46,52,54,70,51,16,18,30,19,31,51,33,30,21,17,30,47,13,35,18,35,38,24,23,33,10,17,7,23,56,52,34,46,33,41,39,35,33,57,41,61,30
286,189,168,270,233,257,180,202,297,272,264,250,273,320,247,249,248,287,294,299,167,267,208,213,129,205,333,285,412,277,304,292,285,188,245,241,188,260,251,285,306,257,253,222,335,216,244,461,362,396,296,254,270,320,297,348,394,333,225,321,321,237,211,283,357,255,267,345,345,189,251,319,188,271,230,240,256,192,188,213,285
17,14,23,21,26,28,22,11,11,21,10,13,29,17,28,15,24,8,15,14,17,46,17,40,15,6,15,9,69,10,28,11,25,24,22,18,29,30,26,38,19,23,13,45,9,16,10,6,15,14,2,8,19,5,25,15,8,16,4,12,10,4,13,13,4,9,45,13,18,17,29,35,24,45,22,28,48,43,26,11,66
20,5,6,19,11,10,4,3,23,20,39,17,33,12,29,24,19,18,21,5,29,15,5,24,23,33,24,12,10,28,24,21,16,21,15,24,12,9,11,15,15,10,27,21,14,7,15,17,14,14,34,49,11,27,11,34,26,20,23,21,22,12,21,19,21,15,23,53,38,4,11,10,3,9,8,17,24,15,15,9,4
70,39,29,36,66,32,27,19,50,80,15,73,52,47,56,45,53,20,53,44,39,28,27,31,13,51,22,57,54,21,55,31,39,42,37,55,32,44,62,74,65,43,68,51,35,12,56,46,11,65,38,41,33,41,92,63,72,46,80,83,81,56,66,74,32,53,34,66,41,24,54,32,31,40,47,25,70,44,25,13,65
144,164,160,127,152,151,22,306,134,113,136,99,108,207,103,89,44,96,88,157,150,209,120,90,115,156,75,89,142,84,143,159,167,144,64,179,152,220,41,73,170,25,89,108,79,41,32,126,90,100,92,77,81,55,130,214,41,64,55,76,153,47,50,51,25,72,73,111,86,124,83,173,137,144,136,102,84,117,92,195,86
21,17,16,15,22,16,5,22,0,5,1,12,0,1,16,5,14,1,9,11,12,28,8,2,7,35,2,14,19,2,29,47,12,7,13,3,12,43,0,0,11,2,5,7,4,20,2,7,12,7,8,5,7,9,4,9,24,8,4,12,3,17,1,9,7,0,9,15,42,19,6,15,14,10,20,13,4,23,1,3,8
100,71,39,50,91,63,102,56,53,47,52,54,77,68,23,132,88,62,86,95,120,124,49,104,44,61,66,76,51,90,93,79,88,49,97,63,44,121,69,66,71,65,90,76,79,42,28,71,85,77,74,107,55,38,55,46,64,88,43,37,21,43,42,49,63,50,60,84,117,52,61,44,102,63,72,59,103,96,85,72,80
-30.603,-113.3,12.911,-90.596,130.38,-133.02,-92.341,-23.184,59.964,104.24,49.949,118.29,88.865,28.227,-41.786,-149.88,-98.674,21.996,66.688,-16.459,9.951,26.063,-115.71,-8.548,65.302,-88.618,81.173,-114.82,-178.39,156.15,40.583,-83.673,-48.359,-47.654,236.34,-81.699,62.693,19.004,70.182,159.45,-152.79,285.96,-31.501,-33.804,-38.128,-369.67,-53.239,258.47,-9.0026,223.14,35.08,138.82,-3.07,305.06,-104.64,49.808,196.06,-222.7,349.12,29.316,-201.52,-143.04,368.06,-94.963,-261.25,26.989,1.3057,178.16,3.0892,-69.066,102.91,-224.61,-3.8083,-125.48,-95.078,-272.01,-136.27,-30.382,-103.78,-82.416,-224.97
69,52,56,58,50,57,38,47,23,57,42,43,42,61,42,78,57,54,44,51,39,78,33,50,48,99,35,48,31,80,68,39,77,48,58,48,59,55,61,56,58,44,37,85,68,56,51,65,51,61,22,29,35,39,37,59,53,86,31,28,50,30,47,44,37,43,30,49,70,68,39,58,51,66,61,51,55,83,69,69,82
-65.061,-77.921,-18.591,38.663,-96.955,30.295,-11.221,-12.006,-37.577,-11.759,-47.874,-35.83,183.96,139.05,71.943,9.3896,20.311,-26.829,-37.701,-36.92,-24.743,-59.707,55.345,1.6344,-83.244,24.681,-138.12,5.6527,-97.448,143.21,-11.179,10.349,-119.96,-50.589,24.45,54.44,14.913,8.1863,-83.807,-68.437,-20.632,-168.97,-1.553,-68.345,7.7456,-119.77,171.05,179.41,-95.464,-178.43,27.445,-106.4,-34.391,249.36,91.074,-174.15,-80.631,-22.522,111.4,45.477,134.69,50.634,136.77,-59.982,45.889,13.151,-72.298,96.327,-66.712,-101.06,-159.31,-1.5542,-162.77,-89.665,-99.508,-50.882,-10.993,-156.71,-13.108,-125.18,57.812
-78.702,-242.37,22.439,-52.34,4.1156,157.98,-225.05,-258.63,-483.05,-195.95,-33.472,101.86,360,562.97,-5.6917,52.333,-74.04,-528.33,101.53,-240.59,-144.95,-364.03,417.62,-382.68,-362.8,-12.284,155.67,45.083,-322.28,190.34,132.44,261.08,-366.66,-79.775,-23.746,131.7,-127.98,241.09,47.72,-198.41,-82.448,-48.689,178.95,346.47,-102.7,-130.21,420.41,453.17,-270.81,-29.836,-17.333,-48.09,-309.21,1075.8,753.57,-220.86,-360.84,332.58,477.75,147.87,358.57,-57.151,285.26,-99.692,-149.86,55.44,78.418,246.03,-97.908,-545.33,-72.243,252.23,-412.25,-103.22,-581.57,122,202.28,-600.12,21.434,180,292.26
120,75,57,91,75,73,64,77,58,91,62,59,51,104,52,108,114,83,76,93,52,150,70,123,57,145,76,88,83,100,87,54,98,87,111,60,58,67,112,80,103,50,68,104,79,85,62,101,79,84,33,41,54,67,70,92,75,110,88,30,83,52,73,63,89,62,35,69,86,118,61,78,78,84,110,92,110,110,102,107,121
46,17,29,40,48,55,20,20,29,29,21,28,26,19,29,32,57,24,27,31,9,60,16,22,20,38,25,31,56,19,41,61,22,42,57,58,19,22,26,49,23,24,37,15,8,30,41,15,12,22,11,28,28,20,15,27,25,14,19,16,29,23,34,7,25,11,32,55,28,28,37,42,28,32,32,35,31,27,17,28,52
175.94,173.65,181.8,48.957,97.732,103.07,72.383,86.586,2.5417,48.894,84.023,86.351,155,85.724,17.224,169.31,237.01,100.23,-33.472,182.45,146.93,-2.3466,106.11,111.68,220.25,73.645,166.72,68.334,199.71,-0.31098,254,29.861,143.27,148.24,40.292,128.21,50.997,149.97,187.43,203.84,136.03,92.042,-42.105,188.16,42.65,298.36,232.09,-14.242,-8.1699,253.82,68.832,111.95,102.45,-47.716,171.18,-7.8791,50.649,209.47,-1.9844,85.669,37.459,142.69,31.429,147.97,162.7,16.162,-100.87,-36.301,204.97,231.74,138.44,87.882,98.218,127.82,137.13,218.84,88.897,176.26,227.11,100.26,197.59
-51.425,50.399,-38.264,-51.554,-58.038,-2.2797,51.116,-77.756,-49.623,-123.58,-30.369,-124.44,-27.969,-89.243,-20.378,54.064,-112.34,-29.752,-202.66,14.799,68.368,-35.257,-142.29,-0.38075,25.953,23.583,58.996,4.6468,-4.9827,-49.727,-53.438,13.521,34.237,27.935,-91.449,47.649,-28.389,43.201,46.59,-28.607,-21.761,-16.454,-15.474,7.1436,-52.289,20.782,-22.578,-62.116,-52.13,222.27,-22.661,-151.26,-31.698,-33.103,-119.46,-128.03,-94.548,-74.964,-72.696,-67.583,35.04,43.963,-129.81,-167.82,-72.171,72.696,67.182,-2.9754,107.63,-0.747,150.6,154.36,19.144,-45.454,-22.213,-50.768,60.889,69.473,-9.0947,122.63,92.271
-363.75,102.75,-28.893,212.92,450.93,67.323,-262.05,160.92,-262.52,-208.4,-478.35,-533.05,-719.46,71.321,-128.07,40.526,-300.62,-262.59,-365.02,-151.63,-317.04,-193.01,-93.124,-78.334,-522.42,-165.74,-340,-128.96,-168.03,59.287,-406.92,-31.116,-77.674,-40.385,-494.04,-147.06,-213.96,-10.444,-439.43,-234.25,-317.64,-371.94,-396.23,-153.88,24.364,-370.25,-682.85,-482.53,-21.21,60.348,-170.53,-428.61,137.57,143.71,-855.1,-81.154,3.3352,-140.69,-236.09,-125.66,-790.89,-135.09,-542.15,-169.06,-495.66,4.4057,-379.01,-182.75,-135.58,-103.68,-532.46,83.399,-169.49,-27.092,339.55,-304.04,-78.48,-699.42,-197.59,252.44,117.65
72.46,87.162,120.53,37.64,82.822,114.77,22.569,51.294,58.01,5.5498,-8.3628,26.087,73.28,-47.983,-11.648,96.206,113.77,38.994,96.245,106.3,69.157,16.943,43.596,38.9,86.817,22.683,10.541,27.276,63.629,-22.197,72.962,12.579,50.36,27.592,45.221,63.78,-3.8688,65.846,29.162,182.61,87.007,45.089,10.258,60.731,10.197,156.07,69.306,-41.448,33.503,127.2,-8.6091,-15.49,59.097,-147.63,105.53,69.063,89.418,76.555,-33.038,68.835,72.687,106.89,74.014,24.97,107.33,63.298,-77.49,-15.931,123.53,120.98,74.825,52.855,42.956,78.215,88.162,131.07,80.562,55.551,45.944,61.09,93.331
70.637,216.59,57.58,135.54,92.161,194.24,67.051,-39.926,-5.8804,-25.136,124.53,182.03,133.47,115.15,60.587,183.91,264.06,159.36,367.9,264.3,152.86,37.63,102.56,17.66,174.12,51.969,411.37,1.8101,169.24,62.22,-9.4076,74.102,82.121,163.68,118.91,96.546,-53.026,215.94,246.6,187.48,266.53,415.87,197.78,266.32,70.94,418.95,-49.727,-123.55,41.109,87.581,180.82,-6.8926,83.534,-383.92,-122.48,101.41,55.744,387.66,-170,121.84,190.71,227.59,-195.89,296.13,26.021,10.601,180.87,-200.55,388.09,231.9,247.29,254.28,89.748,163.23,289.28,304.59,175.3,212.69,429.45,212.33,176.41
370.19,358.26,727.1,427.42,896.11,460.88,215.92,378.21,192.96,-112.86,350.98,277.77,-308.75,137.84,-209.63,441.26,649.57,-11.386,449.51,219.27,566.94,155.24,420.77,242.25,632.37,317.71,200.54,284.56,413.3,41.456,929.08,213.57,476.03,506.39,-86.814,307.64,133.07,305.96,327.93,508.03,-115.18,434.1,22.117,424.37,1.4057,388.45,247.43,-355.56,205.05,726.83,465.81,-59.051,242.57,-301.53,939.2,365.4,290.13,561.31,104.6,198.34,455.97,386.11,486.54,193.06,146.72,431.6,-153.49,297.13,76.857,890.24,66.088,353.19,705.83,166.57,431.11,874.22,220.57,19.924,262.87,450.85,456.98
51.915,26.642,-61.095,291.79,49.34,94.948,-84.543,114.3,-46.512,-155.32,-250.43,-540.99,-413.01,-99.076,-76.399,-0.22011,-121.54,-116.67,-311.89,65.028,-77.795,-5.4265,-7.2412,106.84,-379.77,33.515,-179.57,-72.902,126.44,-13.215,-98.963,114.8,29.821,33.636,-247.56,-128.76,-189.2,103.39,-18.999,-249.7,-205.57,1.074,-98.116,-104.62,-48.083,-196.05,-479.87,-402.37,159.49,351.43,-71.931,-361.63,195.37,337.99,-776.55,93.786,77.177,-57.81,-253.2,76.267,-641.42,82.727,-76.743,-298.05,-243.65,-22.612,71.907,22.958,98.172,-157.22,-367.54,-43.089,-42.37,272.61,291.27,8.7697,-147.22,-567.93,76.98,227.44,145.9
-13.357,35.706,-53.618,28.165,-196.46,39.892,31.053,-32.458,52.614,-1.1267,99.287,-148.14,-64.546,-171.22,44.157,41.18,-45.705,23.539,-17.368,49.182,107.76,64.243,-105.34,-25.779,53.837,47.241,257.44,2.4273,60.443,-69.476,-29.759,-13.922,56.596,75.757,-64.164,65.031,-32.764,0.71994,15.053,27.261,-91.634,80.003,17.697,61.107,-27.074,152.61,-59.866,-109.69,-25.46,331.92,-66.625,-148.69,7.8993,127.15,-108.08,2.0626,-111.67,25.988,-98.596,1.2685,28.772,121.29,-97.279,-42.492,-55.234,-12.346,17.006,25.403,155.97,119.85,140.43,144.14,84.252,-32.567,44.168,95.83,12.283,104.74,8.3473,66.38,112.08
514.53,498.8,595.48,303.99,454.98,458.74,211.26,247.56,306.17,57.223,184.66,343.74,412.23,-45.524,171.98,457.11,602.19,302.46,318.2,547.86,415.67,156.75,328.39,360.51,575.18,256.45,388.43,206.58,465.96,44.23,617.17,97.712,295.81,276.62,298.95,313.05,42.676,451.2,256.13,1185.2,646.48,447.03,171.36,396.67,162.47,1017.3,423.11,-79.782,163.11,694.78,77.279,-202.45,425.14,-649.95,703.55,422.64,396.66,783.89,-179.72,366.2,379.79,592.95,524.19,357.1,631.63,233.44,-301.02,-249.23,566.14,702.57,279.24,241.04,232.69,298.81,531,862.7,311.9,303.29,383.51,264.46,624.23
-34.147,43.335,-54.262,-9.752,-72.597,79.052,66.504,-39.764,-23.206,-14.246,58.039,57.458,80.37,5.7871,0.16504,-3.7361,68.359,-79.923,156.68,48.97,67.244,63.566,37.852,50.994,66.115,76.659,219.89,22.517,153.29,46.238,-3.5962,3.7051,2.7533,107.33,-16.218,64.375,-19.112,90.06,168.74,75.595,82.454,83.927,75.542,116.74,3.8163,218.02,-58.053,-105.51,33.96,326.46,71.902,-29.698,12.243,-246.29,-116.09,24.833,15.652,71.591,-86.72,45.07,74.66,66.445,-28.075,59.604,15.565,4.593,71.118,44.088,280.02,41.5,174.51,66.699,-37.938,95.021,167.5,60.293,147.4,68.206,232.49,154.8,151.58
221.87,379.3,375.81,88.596,102.27,168.39,114.72,164.25,35.296,143.1,247.89,255.46,339.25,194.46,75.27,287.63,483.25,224.14,-72.027,281.21,265.41,44.945,187.85,235.83,464.52,124.02,342.96,113.48,400.74,105.72,536.23,55.287,316.54,284.88,70.29,238.77,105.65,348.61,338.36,454.11,269.8,246.1,-24.296,311.77,86.237,635.53,468.85,-43.813,6.8483,596.51,211.21,202.96,183.05,-40.815,359.83,141.39,122.41,312.21,3.3015,133.41,132.45,331.45,264.95,333.38,404.98,7.2591,-77.189,-128.97,401.59,476.06,229.86,138.26,202,288.61,274.97,492.63,206.91,338.38,320.06,259.11,346.47
431.74,673.28,649.49,136.89,209.97,412.22,214.12,295.11,123.35,206.71,353.67,514.25,608.34,355.28,-11.388,589.9,832.03,304.96,-115.15,530.83,476.77,75.165,366.06,342.44,781.53,180.53,453.21,161.91,599.69,145.31,807.18,66.978,464.06,533.6,182.54,468.6,203.34,625.8,532.32,647.32,488.46,477.24,-58.763,614.97,198.02,1091.4,827.94,-60.277,106.66,797.34,380.34,284.23,373.84,-78.164,660.25,242.14,261.13,574.78,11.804,192.29,260.14,679.9,638.89,618.35,819.57,150.94,-171.05,-125,731.77,780.67,293.25,261.75,348.68,564.49,513.23,891.98,446.42,477.94,623.28,307.69,696.08
