1028,504,426,682,732,434,528,374,490,404,498,290,264,434,332,462,588,412,848,604,736,500,528,390,604,452,316,530,520,300,484,540,522,618,626,668,252,590,534,498,556,652,590,556,320,366,398,256,314,546,202,376,414,170,352,514,146,468,270,256,314,216,426,380,228,356,180,368,632,778,472,686,492,1020,758,550,774,686,564,582,502
7.8117,6.6912,7.5024,7.8247,5.327,6.9534,7.3151,6.983,3.5795,4.6311,6.9459,6.1705,6.1892,6.9792,7.3633,7.1677,6.5906,6.9356,6.5988,6.5631,7.3208,7.6299,6.7835,7.3549,5.9354,4.8395,6.6762,6.962,7.2915,6.3291,6.9834,6.7241,6.5366,6.5469,6.0765,6.9562,6.5345,8.015,5.3825,6.9546,5.8087,6.1079,5.6631,7.2945,6.1847,6.6933,5.3545,5.9598,5.7063,6.4181,5.1311,3.8989,4.9199,4.1861,5.6118,7.0694,6.0387,5.0166,6.3635,3.8174,7.935,4.8984,6.06,3.4324,5.5801,4.8284,6.0527,4.0131,7.1279,6.4809,7.8564,6.7636,7.1725,7.4388,7.0333,6.6297,7.6856,6.8883,6.8431,6.1503,6.9634
4424,4706.6,4677.5,4790.3,4911,4061.9,4621.3,6325.2,2652.3,2943.6,5180.5,1523.3,3640.5,4353,4384.1,3331.3,6356.6,3838.9,2254.9,3839.1,5474.7,3698,2841.4,3365.9,2710.1,4973.1,3258.6,4749.8,4942,3424.7,4177.3,4445.5,4975.1,5889,3455.5,4431.7,3139.3,4586.1,4111.3,4294.3,4096.8,2805.5,3647.5,4935,2499.9,4531.2,2882.6,3097,4326.2,3747.2,3629.7,2691.5,3414.8,2736,3415.5,3461,2704,3494.5,2839.9,4806.7,4132.7,3109.6,3839.9,3817.4,3830.4,3128.1,4622,3082.1,3241.3,6773.1,6465.3,5843.2,5107.5,4570.5,4641.7,6043.6,6229.9,4439,4660.9,2878.2,5213.4
42,30,22,34,32,14,26,16,20,4,16,10,12,16,20,24,38,4,32,18,38,22,12,0,16,38,10,28,20,20,22,22,14,30,52,32,10,16,26,36,12,28,8,10,6,22,2,4,14,16,2,10,12,8,6,16,6,4,0,0,16,8,28,18,2,8,0,12,26,34,16,20,20,14,2,14,46,36,36,24,22
5414.4,6111.6,5998.2,5311.5,6640.9,5439.7,5692.9,7967.9,3268.4,3873.6,6455.9,2044.6,4083.1,6025.6,5484.5,4337.5,7990.4,5138.6,2720.8,5014.1,7504,4452,4057.2,4151.6,3886.8,5928.5,4123,6683.3,6245.6,4165.8,5463.3,5412.3,6026.9,7644.1,4371.5,6265.6,4458.3,5619.3,5058.1,5166,5429.5,3642,4720.9,6179,3385.5,5677.6,3843,4757.5,5975.8,4822.2,4617,3564.6,4327.5,3645.8,4316.3,4522.1,3110,4259.5,4074.7,6348.7,5829.4,3701.9,4630.1,5266.1,4283.1,4304.5,5229.9,3885.5,3842.1,9060.1,8458.2,6382.4,6519.3,6077.1,5635,7288.1,7031.2,5635.3,5629.6,3783.2,6268.4
56,24,18,34,28,46,44,16,6,10,18,28,26,22,2,6,56,14,32,50,26,38,16,6,12,36,24,42,42,10,38,6,14,24,66,24,46,22,26,26,24,20,10,12,2,20,2,18,34,14,20,4,0,2,16,6,42,12,8,6,12,0,12,10,4,8,24,12,40,26,16,52,30,58,10,4,44,18,20,22,48
126.71,118.1,121.24,146.27,152.64,129.04,126.03,150.39,143.68,82.887,120.76,96.143,73.453,48.467,112.05,99.64,168.93,114.67,93.182,119.61,157.99,94.949,132.47,76.393,83.029,92.089,87.756,134.5,136.09,131.8,85.659,131.4,111.72,133.82,134.91,74.587,105.69,87.346,109.31,119.74,113.13,107.58,152,96.583,108.5,118.37,72.201,63.152,85.626,107.5,89.097,97.679,64.706,82.056,77.168,88.827,109.98,117.58,97.796,139.5,108.54,112.32,85.058,101.79,100.25,94.564,121.75,105.8,133.6,161.59,134.84,127.56,134.99,148.69,133.03,155.99,125.14,141.71,117.94,115.96,152.43
6811.3,7747.3,7743.5,6665.7,8418.9,6984.7,6562.1,9933.5,4004,4742.8,8382.4,2370.8,4876.8,7937.7,7051.1,5424.9,10001,6359.3,3216,6257.7,9585.9,5065.3,5476.6,5070.5,5246.5,6712.6,4661,8258.2,7427.1,5144.2,6902,6019,7715.6,9692.6,5741,8037.4,5963.2,7161.4,6577.3,5729.6,6743.2,4480.9,6120.1,7926.8,4448.6,7163.2,5060.8,6490.3,6627.5,5999,5759.2,4179.6,5551.3,3749.1,5666.2,5606.2,3903.4,4993.9,5344.5,8174,7633.7,4115,5344.5,6464.7,5343.1,5554.1,5574,5071.8,4388.6,10696,10512,7525.2,7512,7700.2,6747,9176.4,8269.1,7338,7398.9,4405.5,6577.7
20.094,15.981,20.01,21.944,14.875,19.855,20.934,17.154,10.561,13.062,19.685,18.45,18.676,15.549,20.027,17.24,17.901,17.649,18.39,18.058,18.021,20.491,19.012,19.381,17.318,12.057,18.98,17.458,19.904,14.03,18.419,18.553,17.233,18.692,17.471,18.589,18.493,21.165,12.583,18.288,15.018,14.551,14.221,17.073,16.085,13.824,13.143,16.266,15.641,18.454,15.26,11.216,12.132,10.773,15.083,19.864,17.177,15.265,18.676,11.379,21.38,12.506,15.294,8.608,14.698,11.303,16.473,13.077,16.764,15.438,21.264,18.31,20.555,21.043,18.92,18.834,20.225,18.711,19.001,15.487,18.416
28.766,21.279,27.858,31.426,21.182,28.582,30.49,24.536,16.008,18.599,26.289,27.347,27.457,21.382,27.593,23.474,26.158,22.508,25.853,26.115,26.094,29.576,27.668,25.694,24.772,18.242,26.585,24.324,28.39,20.047,24.829,27.06,24.535,27.015,25.267,26.556,26.825,29.616,18.015,26.356,21.071,19.368,19.853,22.454,22.684,18.318,19.489,21.798,21.937,25.569,21.6,17.177,17.278,13.424,20.604,28.15,24.915,22.548,27.619,17.755,30.948,18.117,21.243,13.004,21.874,16.273,20.81,19.299,23.299,21.043,29.684,25.442,28.537,30.361,26.949,26.056,28.266,25.225,27.448,22.064,26.238
513.38,433.96,687.38,415.53,715.94,489.78,508.26,727.71,516.07,619.96,625.91,605.41,601.34,973.31,731.34,480.73,538.09,838.53,937.68,655.02,504.27,498.34,584.07,560.07,880.35,573.07,339.52,636.22,669.8,800.74,625.46,468.01,400.82,517.45,915.75,737.42,584.66,736.3,803.54,1062.9,541.18,843.38,627.35,522.19,747.14,613.89,824.6,1088.2,831.48,958.03,668.65,760.97,769.03,728.01,726.3,664.33,927.54,810.16,1088.1,740.6,870.87,593.86,1432.3,667.34,1149.1,577.1,965.31,896.27,490.35,548.83,594.95,612.36,854.28,535.03,643.55,628.92,512.16,661.85,506.96,884.08,581.92
36,30,46,38,58,34,48,18,172,42,48,60,144,60,62,26,64,54,110,70,118,20,20,90,14,134,42,82,28,54,26,104,102,80,60,30,38,28,78,118,104,84,112,162,56,182,76,128,62,86,118,74,102,70,120,84,172,178,82,98,112,82,110,56,90,100,92,90,26,100,78,126,8,100,114,52,8,66,28,58,18
2146,1190,1034,1684,1686,1108,1282,1046,1242,1114,1540,1068,1192,1154,906,1372,1438,1272,1782,1492,1412,1522,1132,972,1316,1408,922,1200,1178,834,1078,1352,1424,1446,1528,1520,872,1600,1466,1426,1724,1464,1418,1574,868,934,1082,816,950,1438,680,1012,1142,720,1176,1448,868,1310,934,916,914,708,1270,1152,724,1024,678,1080,1520,1808,1246,1406,1416,2332,1698,1316,1554,1706,1328,1472,1458
2.8168,3.3146,3.1604,2.9639,3.4703,3.1018,2.9951,3.3446,3.187,3.3268,3.1981,3.4195,3.585,3.6722,2.8864,3.1713,3.0074,3.2532,3.2512,3.0312,3.4825,2.7365,3.2176,2.9696,3.4909,2.911,3.1895,2.6157,3.1112,3.47,2.6176,2.9521,3.2436,3.2998,3.2353,2.9722,3.6156,3.1226,3.2405,3.205,3.4383,3.3779,3.2069,2.9735,3.2965,3.217,3.708,3.392,3.4267,3.7851,3.6069,3.4827,3.478,3.4615,3.5985,2.5183,3.4392,3.1119,3.7434,3.8667,3.7078,3.0971,3.505,3.5012,3.5879,3.635,3.0466,3.6953,3.4306,3.2791,2.8687,3.4375,3.1645,3.3215,3.3101,3.539,2.8738,3.2188,2.757,2.9636,3.1456
92.908,77.919,100.2,100.96,135.53,155.29,114.31,140.52,134.58,141.62,152.36,144.74,210.09,131.49,91.748,111.37,134.87,160.89,70.564,127.84,135.57,121.29,95.387,95.736,140.43,70.773,152.94,91.135,95.627,159.44,95.799,173.1,99.421,133.37,156.85,62.258,97.344,109.27,125.84,155.54,110.66,160.05,103.92,83.453,107.05,194.74,131.24,159.16,84.697,145.62,217.92,219.48,81.849,121.81,96.965,144.72,193.26,171.01,180.7,184.79,100.79,121.41,201.73,136.52,168.85,178.5,118.01,152.97,96.252,109.18,84.642,91.906,118.8,100.75,122.85,101.32,138.83,112.08,104.96,117.78,130.43
4896.4,4038.5,4108,2981.8,5939.5,4723.2,3905,4576.8,3956.8,3072.5,3389.1,2105.7,3851,4394.7,3795.1,3808.6,5220.2,3925.4,2811.2,3672.5,4933.4,2008,3824.3,3351,4390,4620.8,2932.1,5640.4,4974.8,3875.8,3643.3,5184.4,3745.4,3975.9,3475.9,5689,4116.2,5026.8,2361.1,4187.3,4724.9,3671.3,4059.4,4151.9,2839.6,4380.4,3381.9,2996,5334,3429.6,3246.8,3633.6,2614.1,3450.3,3386.4,3272.8,4561.1,4604.7,4299.2,4292.9,3508.3,3896.8,4238.1,3625.5,2716.7,2840.7,5449.1,3967.3,3435.5,6728.2,4780.6,7989.7,7596.1,4976.7,6475.5,6161.3,5254.5,6620.1,4269.1,4235.8,5115
7116.4,8539.6,7846.9,6873.1,9467.8,7499.5,6999.1,10793,4370.9,4957.9,8674.1,2463,5417.7,8855.8,7793.4,5517.5,10144,7142.2,3232.8,6849.6,10216,5485.3,6331.8,5433.7,6282.5,7007.9,4558.4,8891.7,7861.1,5798.8,7667,5733.8,8377.8,10311,6639.3,9216.3,6803.7,8322.3,7076.9,5578.6,7075.6,5035.1,6595,8749,4743.2,7590.6,6086,7833.5,6355.6,5840.2,6885.3,4582,6230.3,3483.7,6657,5698.9,4357.6,5146.2,6467.5,9142.1,9228.9,4514.3,5440.5,6775.5,5718.8,5777.7,5426.4,5589.7,4544,11034,11041,7537.5,7186,8989.4,7224.9,10095,8226.7,7807.2,8468.9,4551.6,6489.6
10,20,12,18,2,2,20,28,14,4,0,2,4,10,18,6,4,30,6,6,12,18,4,14,16,12,4,20,30,8,32,20,2,14,16,10,6,26,12,12,8,16,2,10,4,4,4,10,14,10,0,4,4,2,6,10,6,12,6,12,8,18,6,2,18,2,4,6,16,18,32,20,6,32,14,12,14,50,20,16,32
951.29,1259.6,1046.4,1083.7,1163.1,1778.7,1167.6,1347.8,1325.1,1164.6,1352.4,1678.3,1713,2700,1859.4,746.63,1328.3,1153.1,1462.7,1694.3,1254.8,798.1,1235.9,1824.5,1922.7,812.01,1914.6,1586.8,1799.4,2050.6,860.32,1102.7,1038.8,1171.9,1918.9,2005.5,1330.3,1501.8,1714,1949.6,2117.2,1249.2,2252,888.81,1427.7,1441,2288.6,2601.5,1140.3,2379.7,1891.4,1452.8,1265.1,1536.9,1755,1681.7,2251.7,1329.6,2781.6,1236.4,3213.3,1488,2711.9,1498.2,1851,1691.4,2322.2,1623.2,1298.6,1609.4,2534.4,1800.2,1433.5,1344.6,902.24,1274.4,861.18,1912.8,1754.9,947.57,1275
2.7789,2.9563,2.7318,3.0432,2.7093,3.1307,2.7795,2.9756,3.2066,3.2997,2.8874,3.1163,3.2431,3.2486,3.4682,2.4124,3.1819,3.3218,3.1645,3.452,2.617,2.6017,3.3609,3.513,2.5026,2.9696,3.1127,2.9793,2.8901,2.9064,2.9382,3.0168,2.9503,2.8884,2.8375,2.9429,3.1081,2.8086,3.2228,3.6344,2.9552,2.8985,3.405,3.1678,3.5279,3.3193,3.3841,3.5342,3.0582,3.7487,3.4686,2.189,3.0176,3.1178,3.2496,3.5204,3.284,3.0875,2.9701,3.0505,3.2506,3.1084,2.7446,3.157,3.1779,2.9414,2.9642,3.3398,2.8371,2.7512,2.9946,2.727,2.8917,3.3141,2.8219,2.7093,2.5863,3.1358,2.9319,2.6824,3.0723
1416.9,1686.5,1418.9,1488.7,1675.1,2443.4,1579.4,1640.9,1944.9,1690.3,1982.6,2356.3,2156.3,4002.8,2443.1,1193.7,2153.7,1615.2,2288.7,2182,1750.3,1225.7,1669.3,2573.9,2868,1099.1,2382.6,2232.7,2373.1,2848.2,1188.6,1349.9,1464.9,1642.5,2694.7,2996.4,1720,2270.5,2343.3,2708.8,2924.5,1735.1,2980.3,1243.7,1848.9,2120.1,3472.4,3410.6,1606.4,3595,2545.2,2141.9,1840.7,1999.5,2476.5,2380.9,3417.5,1687.6,3847.4,1975.1,4244.6,1916.8,4058.8,2209.8,2677.3,2069.3,3145.3,2155.9,1873,2493.8,3227.9,2676.5,2177,2119.4,1348.8,1920.1,1395.7,2767.7,1976,1242.4,1784
20,20,28,6,48,30,30,12,8,8,10,14,0,0,16,2,28,6,12,10,26,18,16,18,10,16,2,30,10,8,24,6,18,8,18,8,10,16,14,28,6,4,12,16,18,14,4,4,0,2,4,6,20,6,12,16,6,8,4,14,26,12,16,2,4,4,16,4,20,34,20,18,6,30,6,24,16,8,6,40,8
2,4,0,0,0,0,0,8,0,0,14,22,14,4,12,2,0,4,16,4,10,2,0,4,2,26,6,8,6,16,4,8,0,2,4,8,0,4,8,4,6,0,4,12,8,0,4,4,4,8,20,10,14,14,6,6,2,20,22,2,6,20,8,10,6,6,4,14,6,10,0,0,0,2,4,2,4,2,0,4,2
8254.5,8997.4,9734.6,9764,8508.2,16421,9915.4,10691,11636,10173,13690,16807,11069,26354,14577,7274.2,13025,11638,15949,16154,10690,5089.3,12840,12597,17792,6802.8,13284,10725,15628,20343,8332.4,8499.2,7494.2,8594.8,15708,18560,7706.7,14383,14162,16676,22778,11399,25425,8082.9,14410,12910,16234,21745,9256.1,22777,14490,15786,12388,13268,15974,14037,22791,9612.9,19369,15615,18526,12200,27285,18501,19210,14204,19921,12540,10428,14579,25532,16983,12620,10834,8674.2,14602,9528.9,18272,14228,8995.5,11244
132.75,107.19,94.157,144.93,128.42,130.32,119.79,115.7,114.43,106.6,106.37,84.376,84.565,94.611,101.81,87.701,127.65,124.08,83.062,114.34,100.2,129.9,103.06,132.57,120.79,130.35,109.65,135.54,142.85,123.47,101,125.22,108.55,151.7,123.84,139.18,131.2,122.45,110.5,93.817,118.57,131.12,125.5,111.24,104.85,111.35,112.22,111.27,131.11,139.94,108.26,86.434,119.07,84.939,138.59,87.056,99.46,129.43,86.706,100.14,136.96,124.05,106.68,82.907,101.79,105.75,110.46,104.53,121.9,118.99,122.01,126.82,108.27,118.89,136.26,101.36,112.21,121.97,153.75,136.28,128.35
1125.6,2092.7,1377.8,1660.8,1980.8,2207.2,971.27,1568,1851.2,1744.5,2299.8,1898.4,2311.5,2494.8,1747,1113.8,2254.3,1484.9,2093.7,1768.3,975.32,2219.6,1252.2,1689.3,1916.7,1777.7,2143.8,2233.9,1348.5,2104.9,1762.6,1527.4,1457.9,1600.8,1459.4,2096,1406.5,1284.1,1519.4,1559.1,2068.4,1524.5,2210.3,1402.3,1401.2,2126.1,1743.4,2094.6,1414.9,2166.8,2356,2218.7,2664.6,2208.2,2088.8,2425.7,1898.1,1275.1,2060.4,1711.6,2452.7,2037.3,2544,1917.8,2250.7,2719.8,2195.9,1901.6,1871.4,1373.7,1462.1,1999.4,1608.1,1495,2026.5,1937,1631,2029.9,1318.8,2055.8,2430.9
8,54,28,18,38,0,10,34,84,56,12,32,12,24,34,48,10,48,30,20,18,20,18,40,4,46,56,26,20,26,22,30,10,16,26,2,0,30,18,24,34,42,42,32,54,44,22,64,46,34,36,42,54,24,34,74,36,38,56,36,50,38,38,34,36,42,44,22,20,26,30,6,34,12,34,26,18,36,12,22,4
14,20,6,28,16,12,32,22,16,16,2,2,10,12,20,28,26,30,4,10,16,12,8,4,14,32,12,16,36,4,8,10,42,14,12,18,8,18,14,28,22,30,18,30,6,14,12,6,2,6,12,4,8,2,12,12,2,16,24,6,6,6,2,6,4,2,4,10,18,22,18,18,40,24,38,2,16,30,12,8,24
20,20,28,6,48,30,36,14,8,8,12,14,2,0,16,2,28,6,12,10,26,18,16,22,10,20,2,30,10,8,24,8,18,10,18,8,10,16,14,28,6,4,14,16,18,14,4,4,0,2,6,6,24,6,16,16,6,8,4,14,26,14,16,2,4,4,16,4,20,34,20,18,6,36,6,26,18,8,6,46,8
508.16,347.63,694.05,615.77,531.66,425.67,539.02,539.28,833.41,361.56,420.86,463.54,666.93,501.8,338.68,651.76,692.9,507.93,437.03,488.83,704.53,523,466.62,529.65,592.1,699.44,527.33,867.36,597.97,530.07,653.99,412.75,586.73,684.7,613.22,644.27,626.57,820.6,311.95,533.91,721.26,351.79,654.82,433.4,641.37,514.27,496.37,504.95,792.19,509.36,270.27,424.77,476.09,291.4,772.97,400.46,303.4,593.94,467.96,621.92,597.51,649.86,314.88,706.31,397,490.67,322.85,316.19,798.49,953.64,751.66,1019.1,800.91,326.67,819.36,792.84,1232.1,656.03,388.31,664.23,626.95
81.612,115.07,73.341,132.42,119.44,109.79,96.914,82.625,123.64,133.77,121.46,78.817,124.12,118.35,104.41,108.25,137.73,148.71,110.2,143.56,113.14,69.506,114.82,80.677,123.96,126.3,128.32,123.8,112.93,142.6,121.51,94.521,132.92,72.98,146.56,97.895,139.62,96.823,107.56,197.71,126.97,145.92,172.15,93.911,125.33,141.16,139.31,198.45,113.06,140.16,168.09,129.93,92.71,135.75,163.42,83.687,138.97,130.57,181.09,180.66,150.66,119.15,140.35,129.46,213.84,111.89,126.91,157.77,84.344,128.76,109.37,110.54,81.896,136.5,95.898,132.23,108.78,133.67,106.86,165.41,133.33
89.606,62.371,72.328,85.714,68.576,85.062,92.848,76.218,60.471,56.945,85.795,82.629,79.389,64.477,80.684,71.553,88.632,70.915,77.779,75.507,70.66,84.745,88.542,75.502,78.416,59.436,76.032,75.916,88.236,67.367,71.87,83.801,71.958,86.729,85.939,76.075,85.384,79.252,51.701,77.664,72.44,68.373,59.223,65.13,66.455,53.757,69.234,72.671,72.225,77.299,57.173,49.369,50.343,43.182,58.915,74.775,84.909,79.651,94.31,62.523,92.671,62.299,64.399,36.011,72.861,55.094,56.31,58.719,72.178,60.733,84.95,82.983,76.28,89.113,86.653,89.638,77.678,68.385,92.505,73.821,80.262
544.7,360.48,763.18,683.07,631.28,463.89,597.18,606.16,943.25,413.22,471.57,520.13,752.36,561.66,379.23,749.59,711.98,542.55,481.61,552.85,732.38,595.29,505.13,568.16,608.87,706.36,580.02,963.09,650.58,622.6,668.92,470.26,623.41,745.81,676.89,710.99,651.21,906.34,330.58,614.27,803.22,388.23,728.79,488.83,682.49,576.73,583.68,556.32,748.16,545.47,292.77,474.94,520.46,326.16,849.43,435.83,347.46,672.18,517.58,635.53,593.93,662.16,382.28,726.72,467.33,484.02,385.44,331.09,872.64,1031.8,774.69,1030.8,867.04,393.34,923.29,746.1,1279.9,747.37,427.9,657.25,673.4
3.4235,3.7665,3.3263,3.7048,3.5507,3.6172,3.7551,3.3772,3.5056,3.1885,3.5902,3.2983,3.2212,3.3712,3.6307,3.5483,3.5033,3.4576,3.2289,3.6902,3.7667,3.3145,3.6407,3.1575,3.1496,3.3636,3.3464,3.3822,3.3391,3.3707,3.3716,3.2132,3.6794,3.7213,3.179,3.3076,3.5221,3.504,3.3287,3.5706,3.3772,3.3997,3.4037,3.507,2.7888,3.2262,3.5109,3.0748,3.8219,3.2494,3.4671,3.5909,3.1981,3.1285,3.1554,3.3929,3.5948,3.5493,3.0721,3.2294,3.197,2.9069,3.539,2.4411,3.3711,3.0348,3.141,3.2616,3.4554,3.4133,3.6378,3.4502,3.4144,3.7874,3.5308,3.6388,3.567,3.6311,3.5497,2.7619,3.5068
157.78,122.77,129.19,134.57,166.82,176.05,140.14,174.15,136.71,112.62,120.22,123.29,124.11,127.68,126.87,107.99,166.26,156.58,117.34,170.63,126.85,128.25,141.92,101.52,151.08,147.62,149.53,175.69,172.55,155.4,142.71,137.41,155.85,152.63,129.9,136.15,143.84,167.8,122.27,144.24,151.46,147.38,135.89,106.35,119.3,141.95,141.6,135.66,156.96,161.7,140.81,149.2,93.637,113.25,155.71,104.65,120.89,163.6,112.03,146.22,158.66,116.08,133.79,100.19,159.99,118.01,128.14,144.35,176.78,149.49,168.56,158.16,123.01,154.35,197.22,144.25,136.67,122.12,175.39,142.81,130.65
3.7124,2.848,3.6748,3.5831,3.4685,2.8579,3.6534,3.3502,3.1504,3.2355,3.3636,3.0325,2.8913,3.2672,3.3739,3.2885,3.495,3.4872,2.7821,3.6081,2.8236,3.4324,2.969,3.2883,3.5299,3.4384,3.5595,3.6559,3.3558,3.4768,3.3128,3.3996,3.5763,3.8156,3.5949,3.6745,3.624,3.6391,3.1683,3.0551,3.3173,3.3156,3.686,3.108,3.1143,3.2166,3.1893,3.5141,3.5353,3.6768,3.2759,2.5489,2.8377,3.5505,2.8603,2.7681,3.2256,3.4756,3.1269,2.8768,3.2714,2.9524,3.6154,3.0288,3.1711,3.2878,3.1576,3.4586,3.28,3.4672,3.6511,3.8153,3.2065,3.6068,3.52,3.487,3.5822,3.6188,3.0896,3.2895,3.5254
12,26,36,18,60,30,12,48,20,2,2,2,0,6,6,18,38,26,18,10,2,36,4,0,22,12,82,50,40,30,46,18,32,30,28,28,20,58,34,38,6,52,18,8,18,8,20,4,24,14,8,4,12,0,6,14,4,0,6,6,26,8,0,18,44,12,50,10,14,10,16,20,70,30,36,38,6,24,42,4,10
179.78,122.91,202.05,229.8,118.98,167.09,173.84,152.62,293.24,109.54,180.44,182.32,227.1,155.75,125.02,204.46,289.32,200.67,141.91,146.09,276.32,219.22,138.46,161.37,172.27,263.81,161.18,222.4,185.56,131.96,237.01,187.56,182.4,226.43,206.83,239.99,153.38,187.47,139.08,141.93,224.49,180.01,152.36,143.99,173.44,143.07,122.95,115.28,262.79,186.73,110.97,145.6,159.02,136.09,202.72,117.49,98.02,180.78,144.67,185.49,192.01,169.93,114.5,221.29,136.54,198.33,133.42,153.17,258.27,235.35,252.88,280.56,317.05,123.52,235.29,289.61,398.66,228.86,140.76,170.26,155
3.2483,3.4754,3.6078,3.2654,3.3056,3.6276,3.3986,3.2134,2.0123,3.2675,3.3974,2.9749,2.9697,3.534,2.8236,3.5058,3.4007,2.7276,2.7064,3.3282,3.3147,3.3232,3.4719,3.5912,3.5305,2.7785,3.2975,3.4753,3.4345,3.3201,3.3158,3.6084,3.6099,3.351,3.4384,3.5396,3.3452,3.3402,3.3887,3.1599,3.3066,3.5185,2.7912,3.2724,3.274,3.448,3.3641,3.1627,3.3297,3.5615,3.3017,3.0198,3.2875,3.7188,3.182,3.0548,3.1818,3.162,2.5348,3.1923,3.5942,3.1774,2.97,2.9729,3.3499,3.1687,2.6105,2.9751,3.4838,3.3536,3.6381,3.8217,3.773,3.4837,3.4251,3.3618,3.6939,3.5308,3.3836,2.8436,3.2448
5.2385,5.6395,5.8508,3.8251,6.6085,3.9983,4.3305,5.4097,6.5122,5.7432,3.8855,7.0482,7.759,6.6133,2.4402,4.2822,5.4226,7.5706,6.3823,4.3243,5.4585,5.5139,4.876,2.9027,5.2648,3.2235,4.4293,5.4309,5.8777,7.5816,5.5421,7.3424,5.7977,4.2329,6.2713,7.7646,5.3038,5.8471,4.8511,5.3955,4.8869,6.021,4.5023,5.6235,5.7543,7.0266,5.791,7.5476,5.3044,7.1232,7.5888,6.4005,4.7388,6.8733,6.0213,6.514,6.5939,6.6028,7.9014,7.1821,5.5513,5.1155,6.5768,6.5631,6.3894,7.1254,5.6221,5.0736,4.6218,5.3504,4.4859,6.6361,4.2557,3.8863,5.9681,6.3283,6.0066,4.3942,5.4453,6.3945,5.529
7.4328,7.6826,7.4903,7.0009,7.1294,6.9269,6.5891,7.6245,7.5249,6.838,7.0989,6.9031,6.6587,6.4538,7.4212,7.3947,7.499,7.5903,6.2932,7.1722,6.6306,6.8864,8.2381,7.2244,6.942,7.4231,6.2743,8.0074,8.0712,7.2541,7.2492,7.5672,7.7961,7.4526,7.2083,7.2057,6.4087,7.7096,6.809,7.1322,7.0281,7.3306,6.5356,7.7849,7.0109,7.2907,7.5295,6.1327,6.7192,7.0247,6.2627,6.5076,6.3273,5.6022,5.3372,7.0886,6.583,7.1911,6.4482,6.6754,6.6446,7.057,7.751,8.0767,7.0962,6.6996,7.2622,7.403,7.3844,6.4796,7.7987,7.9787,6.3677,7.7168,7.8617,7.2441,7.3537,7.7906,6.9548,7.8239,6.9804
70,96,86,26,40,44,34,88,56,34,20,56,64,36,22,44,72,46,44,98,12,52,14,22,32,58,58,38,80,32,48,50,66,58,96,78,82,44,22,4,70,52,64,24,22,14,18,66,72,42,2,52,72,12,26,60,58,128,8,54,86,30,32,42,2,54,20,26,32,86,20,34,72,70,86,78,106,120,72,114,62
151.77,95.037,133.5,159.8,121.33,140.49,122.91,123.62,149.76,143.22,144.95,115.65,88.438,181.49,137.62,144.76,152.23,114.18,162.58,160.63,115.26,118.27,134.35,170.25,181.13,98.928,126.17,167.43,147.46,182.11,120.46,110.19,122,148.01,178.39,202.48,130.11,133.07,140.56,181.99,109.68,130.96,150.85,177.88,116.16,137.4,221.98,178.29,150.93,215.18,143.49,121.78,140.24,201.61,231.33,150.1,205.63,131.08,231.73,109.92,231.98,105.52,207.16,142.6,160.27,109.74,157.98,186.44,118.52,117.56,142.97,112.02,145.38,96.079,140.03,123,128.7,127.55,124.63,145.79,155.53
10,4,30,8,12,12,10,14,34,30,12,22,8,18,16,34,22,50,24,28,36,10,16,10,8,2,18,16,8,8,4,34,34,6,16,20,10,10,22,20,12,20,8,30,14,14,38,44,8,24,14,20,16,30,50,32,12,26,28,26,16,28,40,40,44,34,26,24,18,16,26,8,18,26,26,24,20,14,18,12,20
11.206,11.347,12.23,12.753,11.51,11.523,13.47,12.757,13.117,10.1,12.875,8.7497,12.683,9.4981,11.494,12.062,13.101,12.448,9.8475,13.45,12.709,11.735,9.9149,13.025,10.686,10.29,12.413,12.309,12.014,10.643,9.6769,10.162,12.174,12.812,13.239,13.497,11.575,11.718,12.952,11.54,11.268,12.174,13.631,10.973,11.438,10.528,11.691,11.371,12.081,10.829,12.729,10.206,10.423,11.08,12.189,9.6192,9.8929,12.237,11.99,12.599,12.936,12.617,12.449,9.4701,10.975,9.8032,9.8382,11.615,12.019,13.289,13.055,10.5,12.956,13.631,13.378,13.405,13.236,12.944,14.009,14.271,12.896
322.19,237.04,320.66,389.61,559.83,382.99,360.67,334.19,372.52,401.33,526.29,525.36,435.79,651.21,417.61,457.39,531.33,395.8,388.74,391.44,277.46,223.4,442.34,419.99,585.33,342.96,456.54,240.08,265.36,391.43,302.27,304.03,496.45,355.81,609.24,786.22,332.71,714.02,406.77,420.93,551.18,306.76,543.26,385.31,475.72,381.41,818.85,852.93,340.36,669.35,467.62,447.09,312.68,418.59,605.14,463.74,613.93,466.46,725.07,395.15,688.78,383.58,915.52,412.01,414.88,419.07,541.82,459.81,413.66,479.04,521.55,459.35,488.77,483.57,322.19,369.55,467.77,511.37,293.49,312.09,406
614.27,637.33,629.05,857.19,828.87,736.57,762.99,655.52,786.74,604.97,581.15,494.82,470.42,592.24,626.9,462.59,890.53,754.18,474.32,720.96,707.32,855.55,701.52,748.26,775.69,771.77,646.3,847.88,843.16,712.5,581.1,751.47,767.99,868.42,810.86,836.86,622.57,694.33,719.13,566.38,598.8,691.88,706.99,698.46,680.72,663.81,705.01,700.48,832.87,752.74,672.9,516.38,722.53,338.82,791.34,586.06,572.82,781.35,634.37,736.02,786.39,654.25,392.03,588.53,551.47,665.54,509.9,569.35,711.03,803.25,674.98,749.52,709.73,629.76,807.77,535.85,458.91,824.56,750.16,781.62,706.59
305.34,226.41,292.18,368.88,501.93,355.4,321.26,287.78,358.01,362.38,467,481.54,397.26,612.25,381.15,413.3,488.55,356.85,361.55,357.89,263.11,217.26,408.78,385.92,533.33,305.14,422.24,221.68,245.19,368.62,261.32,272.03,440.68,337.21,547.27,708.96,298.54,646.32,373.08,395.84,501.08,281.39,509.77,350.54,439.71,360.51,743.58,780.92,297.22,589.46,423.55,420.67,267.63,370.96,542.32,426.37,551.47,421.84,661.4,372.63,659.31,362.69,820.33,363.04,370.95,374.79,479.24,432.05,387.72,449.54,466.73,435.65,450.11,447.35,303.22,355.37,416.93,480.94,267.32,271.82,365.81
214.33,122.92,169.59,219.68,154.7,181.17,155.87,168.71,194.08,193.21,194.65,137.42,121.69,241.39,171.68,196.16,175.64,147.57,210.82,213.1,156.03,157.89,174.17,219.82,240.48,139.56,150.75,218.03,200.42,238.7,160.37,145.44,170.93,203.12,245.26,247.26,166.52,174.01,179.1,229.58,147.08,174.78,196.11,224.26,154.53,184.92,290.94,236.89,212.64,291.49,187.79,155.39,179.25,261.75,307.68,199.32,270.11,172.97,313.16,147.36,283.43,149.75,271.75,197,218.7,136.79,210.87,242.83,160.06,158.73,178.21,157.69,194.48,131.88,197.54,153.53,161.33,171.99,160.83,195.15,216.06
615.16,894.53,714.41,805.63,566.21,664.53,538.62,911.18,614.87,456.36,705.47,504.93,449.87,286.3,629.48,491.18,885.76,769.78,519.57,726.84,845.49,430.69,615.25,638.23,682.42,418.05,505.44,728.9,603.85,912.88,560.04,561.66,538.01,802.29,714.97,445.12,569.68,531.67,503.75,648.38,620.28,614.76,954.81,752.29,710.55,636.52,510.31,429.73,585.9,848.65,452.58,365.35,376.08,419.36,569.03,535.07,492.67,632.67,592.21,677.38,657,591.34,544.55,797.47,683.38,639.37,667.84,732.38,819.38,989.85,826.18,780.5,762.46,701.24,752.58,855.62,842.79,952.63,429.86,633.65,1029.9
412.23,409.74,434.69,479.6,450.96,454.89,332.48,635.31,515.61,244.76,352.11,282.75,280.18,481.21,366.2,273.01,358.49,268.96,220.1,379.1,399.03,335.68,565.67,254.39,358.15,486.43,500.93,353.33,389.12,344.46,425.31,286.12,436.39,243.35,380.81,298.18,325.31,473.83,376.78,445.22,369.51,380.78,412.57,409.61,214.45,385.77,330.4,374.92,479.41,371.55,333.94,296.5,259.02,242.93,257.31,322.5,348.47,327.3,492.54,469.47,452.32,309.87,410.78,325.41,394.39,329.71,312.95,352.62,274.28,519.02,424.16,564.03,653.91,340.12,511.91,577.62,533.12,381.54,485.3,444.01,577.28
115.74,143.79,119.53,146.54,169.54,143.21,142.61,127.32,149.62,117.02,113.39,107.82,100.31,107.06,121.72,101.77,167.26,128.46,113.04,142.02,134.85,151.35,130.94,128.65,146.82,126.61,126.2,155.86,162.37,122.86,115.54,133.06,140.79,150.5,157.82,133.73,84.506,113.2,144.32,110.24,125.17,116.21,128.8,114.58,136.97,133.8,133.72,144.37,162.59,131.94,125.94,107.33,127.76,91.015,130.95,108.45,108.29,147.88,127.9,146.42,121.76,134.62,91.265,120.35,113.3,132.21,93.091,92.591,135.56,165.59,122.13,140.51,143.18,138.58,147.52,119.93,92.845,150.58,115.94,139.39,112.98
0,0,2,2,0,2,0,2,18,16,4,18,20,4,22,8,14,12,2,0,0,4,0,2,12,8,2,6,12,0,2,6,12,10,0,8,8,12,0,2,4,0,6,4,0,4,12,18,16,4,20,2,2,10,12,10,4,0,14,16,10,18,4,16,2,24,0,4,0,4,2,4,10,2,2,10,2,0,2,12,4
858.04,745.49,897.84,863.22,890.8,926.98,581.24,1142.1,994.54,502.75,659.72,523.23,561.32,851.54,708.64,665.6,658.35,547.49,465.14,795.05,825.71,620.39,955.45,481.78,680.85,845.83,992.7,627.61,685.92,702.67,875.25,554.14,770.89,518.37,722.8,723.65,607.09,1002.3,814.69,863.68,737.02,653.09,833.34,752.51,353.72,749.01,716.09,811.9,950.16,731.61,597.37,572.9,480.96,556.49,514,770.15,672.99,524.39,1004.9,894.99,913.06,626.27,797.02,592.34,745.19,592.06,584.69,735.83,606.22,1123.7,857.42,1291,1300.3,599.94,986.96,1019.8,985.84,832.57,950.13,830.59,1138.1
56.713,57.519,63.081,62.099,52.123,59.666,50.863,49.217,46.277,40.995,52.443,47.355,51.637,48.851,57.5,54.489,60.632,50.907,51.077,56.891,50.824,44.253,52.163,61.746,46.34,46.404,49.305,51.257,55.855,52.762,48.854,47.935,53.854,52.474,53.091,49.768,42.903,46.661,46.62,56.453,56.714,46.051,50.561,54.557,51.282,54.616,55.046,62.157,45.976,54.961,43.57,42.215,43.84,38.401,52.311,46.615,41.304,43.953,43.038,54.439,51.879,38.89,58.125,40.271,50.509,35.804,59.435,46.881,41.329,49.341,55.917,55.623,47.559,53.484,57.651,44.289,61.425,61.831,61.694,51.671,58.193
69.811,70.167,125.09,118.03,92.209,154.92,88.463,136.55,122.68,108.36,125.61,142.05,90.448,159.8,122.78,91.532,115.52,122.98,135.27,139.81,97.641,82.151,131.71,112.47,193.97,98.806,155.54,64.676,101.27,152.05,96.085,84.284,88.068,97.475,151.79,218.39,144.01,208.02,96.39,109.44,163.55,100.83,197.56,90.846,117.7,97.523,219.96,202.52,100.36,156.29,122.08,131.36,101.99,127.01,220.83,109.78,142.79,124.67,203.54,136.24,193.06,108.75,173.92,147.9,139.11,145.58,153.05,129.34,104.64,89.495,178.62,129.36,101.82,116.62,93.307,150.68,92.515,115.41,122.7,91.831,105.36
140,128,198,442,216,152,176,252,310,210,438,294,442,338,212,274,208,398,542,394,360,144,166,184,84,490,232,306,166,250,174,348,442,346,254,202,128,250,272,336,364,460,352,540,278,454,196,374,272,244,278,264,312,220,394,412,354,452,308,286,360,298,340,376,336,272,334,336,164,290,322,324,98,266,444,242,110,296,150,246,110
553.54,533.52,523.35,586.43,604.92,592.34,384.4,744.98,639.57,319.02,449.08,381.08,348.38,597.65,477.5,380.29,435.14,343.68,281.71,496.23,520.49,449.68,623.57,314.34,453.57,603.14,677.71,412.51,467.54,467.54,558.34,346.71,481.3,301.75,494.08,423.68,396.76,634.9,463.26,576.83,454.18,483.24,484.68,454.69,257.63,471.56,452.46,494.17,604.93,470.16,400.92,383.85,322.46,293,326.55,439.38,444.02,354.97,677.08,608.13,611.7,408.46,484.35,399.98,509.6,467.86,342.23,475.45,361.36,712.27,529.1,799.12,832.63,447.34,672.19,719.95,591.11,484.16,587.82,587.84,715.71
20,22,6,32,18,12,38,24,20,16,8,8,10,14,24,32,36,32,4,10,18,16,8,10,14,32,18,16,50,6,8,16,44,14,16,20,14,18,22,32,22,42,22,32,6,14,12,8,2,8,14,6,26,2,20,18,2,16,26,6,6,6,2,6,4,12,14,18,18,26,22,20,42,24,42,2,16,30,12,10,30
78,78,88,78,156,70,76,170,132,44,96,62,12,48,64,70,120,70,88,54,58,96,34,120,52,46,174,118,132,40,98,82,152,106,128,106,88,138,92,100,94,114,90,126,52,76,56,68,92,90,46,48,68,96,68,120,26,40,38,36,76,34,60,40,106,92,96,40,78,60,58,62,130,104,64,110,48,76,118,80,72
30,32,32,12,48,38,38,14,10,18,16,14,2,0,16,2,34,6,30,18,28,24,34,42,24,22,2,36,10,8,30,8,18,10,18,8,14,16,44,60,14,4,16,30,30,14,4,4,6,4,10,6,26,10,20,20,8,10,4,28,26,14,16,6,4,6,16,4,20,34,20,18,6,46,8,58,26,10,22,46,8
116,108,124,112,228,130,108,202,158,50,134,128,56,88,82,102,164,94,118,84,88,128,62,144,74,90,212,128,178,64,122,116,182,146,172,124,140,196,128,146,142,178,176,198,76,146,82,94,122,142,86,66,78,114,88,156,98,56,44,54,84,42,80,58,154,108,138,90,142,102,74,88,174,166,94,164,68,126,146,132,100
4,0,0,0,2,0,0,0,4,6,0,4,12,2,0,0,0,0,0,0,2,0,2,0,0,0,0,0,0,0,0,2,0,0,2,0,0,0,4,2,2,6,4,0,2,0,0,2,0,0,0,0,0,0,8,0,2,2,2,4,0,0,2,4,2,2,0,6,0,0,0,0,0,8,0,0,0,0,0,0,0
2,0,0,16,4,14,4,0,14,10,8,0,4,0,22,0,0,20,10,6,4,0,14,4,10,8,0,4,6,10,8,10,8,10,12,0,6,2,2,18,8,12,12,2,18,4,8,4,0,0,12,2,2,2,12,6,20,4,22,22,10,14,12,26,2,2,8,18,10,6,4,2,0,2,0,8,8,8,10,4,10
10,28,16,28,16,36,38,28,32,10,12,12,16,12,22,32,6,26,14,28,10,30,6,26,22,20,24,30,2,2,22,32,14,16,28,12,46,30,16,14,16,4,20,22,16,28,18,30,34,12,6,18,8,10,20,22,22,18,2,8,16,36,10,12,10,10,28,6,12,38,6,22,46,20,24,34,12,24,22,26,4
2,0,2,4,0,12,18,6,2,2,0,4,0,2,16,2,16,10,2,8,12,4,2,2,4,12,14,24,6,6,2,4,0,6,12,8,0,10,2,4,2,0,4,14,4,8,2,8,2,0,0,0,0,2,2,0,2,0,0,0,2,14,2,4,4,0,0,6,2,6,2,2,8,0,20,18,0,0,6,6,2
122.16,169.67,137.56,144.25,150.74,135.19,93.757,176.87,157.54,83.432,120.13,110,112.42,105.43,116.42,135.68,135.07,131.94,82.597,122.84,152.32,117.08,156.69,119.55,165.78,128.42,172.65,118.35,149.83,103.36,140.71,93.904,144.77,138.98,133.12,117.32,146.32,112.5,124.81,183.59,123.9,134.32,120.75,143.03,118.84,158.04,177.22,141.54,136.87,145.14,104.02,92.217,94.898,102.64,163.85,113.73,119.24,113.61,135.46,93.503,98.362,107.96,164.22,113.84,158.21,95.761,93.917,115.12,136.74,145.06,116.56,149.81,125.68,152.83,145.47,167.61,139.14,127.78,134.26,139.89,147.09
22,40,34,22,60,50,46,90,28,22,30,14,18,38,64,30,78,10,30,24,18,32,30,16,44,50,94,50,20,24,36,22,22,40,24,18,60,70,40,30,42,24,34,44,46,30,18,44,14,30,54,40,30,28,18,28,18,26,24,10,36,16,18,18,46,16,42,14,52,34,20,30,42,34,40,28,12,36,34,48,78
158,114,128,116,256,142,120,204,168,52,164,140,70,102,104,126,174,96,124,98,88,130,68,146,78,98,220,128,188,70,126,118,190,148,198,128,160,218,130,150,148,178,182,202,76,166,86,120,122,164,108,92,78,114,96,170,100,68,48,66,94,82,88,90,154,122,144,102,158,112,80,94,188,168,100,164,70,136,164,138,100
54,14,68,28,22,32,4,20,130,14,84,68,38,52,76,40,38,60,20,72,4,18,22,22,52,36,66,14,20,60,110,28,28,44,68,66,14,50,58,30,124,14,160,144,58,30,64,70,18,46,68,30,44,48,48,76,122,38,30,72,56,44,30,46,58,34,14,62,56,28,68,6,64,12,74,20,38,18,30,12,18
128,64,82,152,134,70,52,76,64,86,92,40,62,112,66,68,122,76,28,116,64,82,36,58,22,108,54,94,166,34,116,62,118,62,78,92,92,110,110,62,88,76,48,46,70,40,52,78,86,74,62,46,48,78,110,40,108,74,46,114,62,38,56,66,92,86,50,50,192,62,66,46,132,60,90,64,80,68,96,84,110
26,32,66,38,46,30,34,38,24,36,46,30,44,16,50,46,84,16,40,70,40,36,38,58,52,44,66,56,68,68,52,84,26,62,84,54,46,54,40,38,34,64,54,44,62,30,38,14,36,58,24,8,38,48,18,52,40,46,32,50,32,30,38,68,54,22,52,26,50,32,42,56,58,102,84,20,16,66,58,54,26
290,234,228,230,456,310,214,306,258,178,244,336,166,254,228,318,330,224,198,240,194,310,128,222,144,242,368,292,384,274,300,350,278,298,356,222,236,440,232,242,290,406,384,322,220,310,222,242,234,358,202,226,216,182,228,280,202,218,166,184,166,276,196,244,282,244,268,266,290,244,194,266,348,476,276,260,156,346,312,210,258
536,374,410,386,430,326,322,472,418,314,358,346,336,302,526,456,416,394,318,286,340,408,214,408,330,536,432,554,428,374,466,478,250,326,424,412,306,522,336,508,360,304,448,316,362,440,298,402,332,512,292,312,336,472,356,314,356,316,242,400,304,344,414,330,322,318,484,338,344,400,422,314,374,464,392,460,410,488,386,496,386
6.0954,6.3945,4.3674,6.5656,6.2285,6.0103,5.623,6.5078,5.5804,6.6203,4.4265,7.0713,6.3121,5.1379,6.7951,5.5267,6.0995,4.4445,4.7917,5.5409,5.3674,5.8158,5.4664,5.8845,7.431,6.0301,6.4008,6.0417,5.0124,5.6316,6.4049,5.4914,5.686,5.557,6.5566,6.8876,6.783,6.9191,5.8361,4.7539,6.5661,6.4506,6.3764,6.192,5.9725,4.1105,7.0917,7.137,5.9976,6.311,7.0991,5.4031,5.04,7.7504,7.1926,6.092,7.7261,6.5853,8.1458,7.0607,8.0745,5.6633,7.0452,5.6288,6.2534,6.6784,7.9527,7.5741,4.618,5.9408,5.8807,5.4305,5.775,5.7123,7.1759,6.3781,6.7945,3.698,6.7359,5.1704,6.7322
1909.6,3202.3,2439.8,3417.1,2210.1,2215.2,2142.6,3393.6,2117.3,1693.9,2302.3,1761.2,1968.5,1560.7,2810.2,1762.2,3772.7,3081.9,2325.9,3119.6,3641.2,1903,2167.5,2377.1,2289.2,1504.3,2398.4,3374.6,2623.4,2612.8,2420,2454.3,2228.7,3126.7,3183.1,1581.5,1921.6,2179.6,2156.1,3013,2289.5,2252,4450.2,2167.8,2748.5,1796,2482.3,2470,2327.4,3484.2,2465.9,1785,1610.5,2289.8,2735.9,1496.4,1881.1,2355,1973.5,2297.5,1886.8,2056.2,2628.4,3344.1,3676.5,1762.7,1748.9,2637.9,1780.6,3882.1,3270.5,3371.2,3087.5,2276,2971.2,3600.6,3363.8,3026.8,1903.7,2856.4,3156.9
7.8226,11.062,9.3001,9.856,9.4344,11.289,10.419,13.851,8.7066,10.711,9.1301,10.57,10.756,12.532,11.834,8.5405,9.8856,8.753,8.3572,10.192,11.049,9.8108,10.728,10.224,13.745,9.4318,11.757,8.5658,7.9281,11.601,10.084,11.329,8.9093,11.977,9.9772,12.442,9.2791,11.599,10.881,8.99,10.329,10.179,8.8862,9.2038,11.056,7.5992,13.531,11.623,9.5503,8.7339,12.634,7.5187,9.4314,11.729,12.99,11.923,13.714,12.55,13.632,11.43,12.839,9.5094,11.939,10.316,12.316,10.936,14.062,11.836,9.9867,10.642,9.1183,10.526,10.221,9.5632,11.925,11.346,9.9455,9.8608,10.557,9.8117,9.4253
12,10,12,8,18,4,0,12,6,6,4,4,8,2,6,12,8,10,0,0,4,10,0,8,2,4,12,8,6,6,4,10,8,10,4,16,4,6,12,8,2,2,4,2,4,14,4,8,0,12,0,4,6,6,2,0,4,2,6,6,2,6,6,0,2,2,20,8,8,2,2,8,8,14,4,12,4,20,6,14,12
0,4,0,0,0,0,2,0,2,0,0,2,2,0,8,0,0,2,8,0,2,0,0,6,0,4,4,0,0,0,0,0,0,2,0,0,0,0,2,4,2,0,6,2,0,2,0,6,0,0,6,0,2,2,0,6,0,2,8,0,0,4,2,0,0,4,12,0,0,0,2,0,2,6,0,0,0,0,2,6,0
14,2,6,6,4,6,10,4,32,38,8,18,22,12,26,16,26,20,14,8,0,14,16,4,12,8,2,12,14,0,6,10,12,10,6,12,18,16,12,4,20,2,8,12,2,6,16,34,18,14,20,4,4,24,14,20,16,0,22,16,30,34,4,26,4,24,2,14,14,26,8,20,10,30,10,12,10,0,12,16,18
3.0566,2.8484,2.9224,3.2909,3.3755,3.0329,2.9605,2.4971,2.8554,2.9339,2.9052,2.7379,2.8686,2.7937,2.5245,2.4645,2.6888,2.2135,2.5614,3.0057,2.6561,3.0066,2.6604,2.5828,3.2325,2.8383,3.2149,3.0785,2.8436,2.9947,2.9347,2.7934,3.4182,3.2474,1.9596,3.1155,2.1242,3.1524,2.4587,3.4064,3.2854,3.4426,2.6858,2.5486,2.2905,3.4107,2.8836,2.4746,3.1154,3.1747,2.3668,2.8442,3.1913,2.9682,3.2725,2.0331,2.5638,2.9635,2.0467,2.4875,2.6371,2.2566,3.2853,2.398,3.3759,2.4612,2.6525,2.9122,2.9943,3.6312,2.6164,2.3349,2.7889,3.6307,3.1832,3.4189,3.1883,3.4286,3.021,3.1619,2.8458
25.234,30.88,26.409,30.842,36.287,27.209,28.576,27.893,25.658,25.64,22.624,20.861,35.343,31.903,40.886,22.854,29.534,25.528,31.095,38.032,24.936,22.285,30.804,33.046,35.586,25.241,33.35,28.872,31.914,30.548,29.55,30.856,31.381,23.522,26.448,27.352,31.455,32.53,31.895,29.451,32.479,34.909,40.955,25.035,36.554,28.127,37.299,36.998,32.926,30.444,33.771,29.999,30.718,25.227,34.702,31.474,29.902,33.749,39.429,36.051,46.019,23.228,33.351,22.695,31.046,33.918,26.398,34.469,28.339,24.085,36.152,26.493,25.089,36.12,30.409,20.033,25.704,29.68,24.022,24.631,33.17
12.233,10.42,11.278,12.991,9.3433,11.806,9.9163,7.2902,9.8385,9.8614,9.9756,11.766,12.32,13.35,13.826,11.7,13.645,11.218,12.129,12.842,9.8172,9.6891,11.256,10.403,13.842,12.364,10.298,10.878,11.338,13.352,10.468,10.208,11.311,8.8418,11.187,13.238,12.454,13.108,11.615,12.107,13.255,12.504,11.277,11.61,12.318,12.803,12.802,13.009,12.046,10.232,12.337,12.085,9.8289,11.076,13.62,11.672,11.082,13.031,13.602,13.011,13.746,11.26,12.153,14.086,11.961,11.345,12.127,11.553,11.643,11.628,13.78,13.197,13.269,10.66,9.8363,10.427,10.109,10.342,10.268,11.306,11.823
131.44,99.495,127.98,121.89,148.38,119.42,84.687,168.87,125.2,69.078,107.81,114.85,104.45,70.757,80.307,93.531,138.91,98.531,80.81,99.104,115.07,87.57,108.58,72.971,121.54,145.17,125.1,99.4,129.17,100.45,131.31,94.584,82.971,75.545,108.78,110.29,71.344,91.91,86.488,145.42,124.45,121.89,96.218,88.638,74.682,132.44,137.96,112.26,81.357,107.12,99.545,74.868,101,71.832,135.35,101.13,113.57,119.08,133.05,82.448,81.4,96.841,132.27,76.725,119.34,91.482,54.902,135.28,85.973,128.71,92.029,144.61,133.3,95.999,137.45,137.07,133.76,82.744,92.364,124.38,108.33
