230,196,152,202,194,44,48,46,88,98,140,72,46,138,264,58,196,82,90,108,34,80,178,178,214,70,100,228,104,52,116,186,212,68,86,180,76,150,60,166,38,184,96,84,132,158,84,84,14,20,88,34,168,88,120,30,138,64,98,62,40,20,114,44,144,206,88,174,234,170,146,148,170,186
7.297,6.7077,6.8568,6.9302,6.9345,5.1425,6.2238,4.9939,5.9994,6.2939,5.7923,5.6152,5.8383,6.7056,7.5136,6.5673,8.0248,5.4293,6.0739,6.497,5.0771,6.4862,7.1301,7.0664,3.9741,6.2716,7.6764,6.8534,5.3304,5.7175,5.5823,5.9045,5.9988,6.3221,5.4204,6.6598,6.29,6.843,5.6604,6.1739,6.9843,7.4514,6.1844,4.627,5.7851,6.5703,5.3429,2.9328,4.9139,5.1619,5.3986,5.0567,5.9843,6.5593,4.9488,5.7329,5.7013,5.253,5.1559,6.2048,4.7603,5.7612,7.3633,5.1533,6.7512,6.9457,7.4299,4.8546,6.1474,6.6167,5.49,6.3704,6.2274,5.5923
6.6571,7.4678,6.178,7.951,6.1015,4.79,6.3025,6.0655,6.0518,4.3058,5.7798,5.2633,4.2141,7.413,7.4207,5.853,6.3919,7.1604,6.4321,7.8151,5.8452,8.5275,6.4061,7.2004,7.72,6.7704,8.4024,7.5391,7.9823,6.5384,7.5646,5.4638,6.5022,6.179,5.3128,6.8011,5.8266,5.8063,5.9147,7.7016,6.0427,6.9398,6.2173,6.0771,5.1185,6.3026,5.391,7.632,6.2987,5.2837,4.7532,4.4762,5.6843,5.4742,4.9634,6.5854,2.7356,6.3393,5.3214,5.4629,4.0136,4.8374,5.2376,5.2454,7.3201,5.3479,5.6943,6.734,5.5341,5.9941,5.4161,6.7038,7.9188,6.4716
166,202,188,260,150,144,24,56,136,138,140,156,110,176,216,208,174,118,144,158,84,154,150,210,102,156,92,152,138,206,180,128,124,60,170,70,188,100,90,218,96,184,176,160,108,70,70,102,84,128,176,178,116,150,100,104,72,80,76,54,22,80,122,128,120,108,160,168,140,182,92,192,204,232
7.2129,7.0529,7.0372,7.2976,5.9839,6.0362,6.4488,4.8435,6.1381,6.5054,6.8134,6.6821,6.5355,7.0737,6.4396,7.5673,6.7794,6.6015,6.8429,7.1237,6.7435,7.1902,6.62,7.3242,6.8769,7.1641,6.8986,7.2992,7.5746,6.1417,6.0027,6.0538,6.9689,6.7035,7.4466,6.9805,6.1086,7.3974,7.003,7.2177,7.4859,7.5101,6.5488,6.0942,7.0978,6.9134,6.1774,7.0594,6.2659,6.1592,6.6078,6.3096,6.4412,6.1176,6.6746,6.1911,6.4501,6.7476,5.6544,7.0659,7.2129,6.535,6.7021,5.7579,7.4238,7.5567,7.3909,7.0973,7.0845,7.0804,7.7271,7.5998,6.956,7.1791
4107.7,4363.9,4736.1,6428.2,4166.1,4198.1,5100.9,3758.3,2202,3188,3707.7,4406.7,4247.4,3527.8,4341.1,4663.9,4871,3704.8,2767,3678.3,4530.1,5956.6,3911.7,3900.7,4773.2,2842.4,2911.5,4055.1,3793.5,5226.8,5082.1,2853.5,4475,5138.7,3324.3,4553.3,3953.1,4293.4,3876.6,4490.2,4232.4,3790.3,4587.5,3117.7,4682.6,3949.7,4385.4,3268.3,3492.2,3570.1,4054.4,2533.1,3081.1,3262.3,4067,5085.3,3843.7,2985.3,3477,2350.1,4164.9,2911.7,2798.2,3630.6,5978.3,6033.8,6011.2,5527.5,3959.2,4464.9,4678,6165.8,5459.3,5841.5
788,788,490,538,648,138,104,170,348,446,626,316,486,402,950,264,576,306,470,686,160,302,668,568,624,264,462,772,308,200,440,412,754,308,394,602,448,374,160,592,196,596,452,312,476,652,416,280,118,266,392,238,632,506,470,274,508,222,402,288,200,160,500,218,400,694,406,878,1096,648,426,476,736,616
26,50,18,26,18,18,8,2,24,0,6,16,10,6,48,16,12,24,18,18,36,36,6,42,14,24,8,22,26,42,8,8,2,12,18,22,14,24,36,14,36,24,22,14,6,18,4,8,0,10,8,12,4,18,4,12,4,10,0,12,6,2,16,20,12,22,24,12,20,12,10,16,34,28
30,12,24,4,32,72,74,34,78,78,24,68,60,10,20,12,30,68,18,62,26,38,16,10,44,26,6,22,30,52,18,42,34,46,30,50,34,78,68,58,32,24,22,96,40,14,46,42,44,28,100,118,18,22,60,54,56,82,68,84,32,84,30,30,18,28,54,14,42,48,30,104,36,46
26,50,18,26,18,30,8,2,24,4,6,18,12,10,48,16,12,26,18,18,42,36,6,42,16,24,10,22,30,42,8,8,2,12,20,22,14,26,38,14,38,24,26,14,6,18,4,8,0,16,8,12,4,18,4,12,6,10,0,12,6,4,16,20,22,30,26,12,20,12,10,18,38,28
0,12,4,20,16,50,40,66,6,54,36,38,12,10,4,38,10,12,20,30,32,20,20,24,36,18,14,16,16,32,20,22,52,26,6,22,24,48,62,18,38,12,24,74,36,4,6,46,48,50,66,110,24,18,56,44,10,16,38,20,32,56,24,42,20,20,10,8,10,12,38,8,24,32
11.641,13.383,14.933,13.852,14.706,19.888,19.528,17.921,13.758,18.505,14.371,16.586,16.41,17.455,16.731,14.371,12.885,15.115,13.966,15.597,14.71,15.576,13.05,11.408,13.734,15.748,17.157,15.713,14.606,16.568,16.802,18.613,16.157,14.378,15.42,16.033,14.267,14.478,17.562,17.615,14.449,12.594,18.342,15.536,20.814,18.642,16.895,16.021,19.55,14.314,14.13,19.573,11.28,15.089,18.503,18.257,16.791,17.141,16.113,17.765,15.246,19.694,12.133,18.747,14.576,10.209,14.891,15.969,13.617,12.827,12.99,15.732,13.656,13.484
3.7528,3.6661,3.7758,3.5668,3.85,3.0842,3.157,3.47,3.6224,2.9972,3.499,3.3136,3.1209,3.2021,3.4431,3.5501,3.0994,3.4174,3.4629,3.4457,3.5729,3.5717,3.5459,3.4333,3.151,3.2489,3.1049,3.161,3.7416,3.2202,3.497,3.3975,3.3636,3.6147,3.6102,3.3616,3.3913,3.0995,3.5244,3.6005,3.7176,3.5135,3.512,2.9699,3.1902,3.5404,3.5448,3.4526,3.63,3.4078,3.3123,2.9683,3.2083,2.7482,3.537,3.5466,3.1131,2.9659,3.0977,3.633,3.4531,3.1731,3.2163,3.0885,3.5659,3.5012,3.4792,3.5987,3.5575,3.389,3.6097,3.5613,3.6526,3.5556
26,18,40,52,36,0,20,0,10,34,10,4,16,20,16,20,22,10,18,28,4,26,4,44,14,14,50,28,26,22,36,8,14,10,22,10,6,10,12,28,18,22,18,4,22,32,20,6,12,38,12,12,28,32,10,12,12,10,8,4,24,2,18,2,12,16,30,22,24,28,4,30,44,30
8,4,8,4,4,2,8,8,24,4,24,38,8,18,10,8,18,6,4,10,2,14,2,4,8,0,4,4,4,8,10,34,12,16,16,12,10,26,10,6,8,18,2,24,14,4,18,18,18,8,8,26,8,16,26,18,24,16,22,20,12,32,10,6,4,0,6,24,8,6,12,18,16,12
26,72,22,34,18,30,8,2,24,4,10,20,16,10,54,28,12,26,26,18,48,38,10,48,22,26,12,30,32,54,28,8,20,14,34,44,22,42,44,14,42,28,38,30,6,18,4,10,0,16,12,12,4,20,8,14,6,10,0,12,26,4,20,24,26,52,32,12,24,18,10,24,38,46
680.08,709.07,803.76,808.39,635.96,632.85,824.2,389.43,438.01,747.7,566.44,601.94,729.7,444.71,603,549.77,478.05,448.62,582.17,671.63,716.11,770.2,760.88,680.95,554.91,683.2,529.51,577.89,367.9,590.26,452.21,476.03,503.62,701.57,695.39,611.78,644.85,574.52,630.19,724.08,518.94,683.13,678.87,470.6,566.86,400.86,601.88,475.29,587.4,422.91,556.47,619.82,535.83,445.46,512.47,451.4,430.97,435.75,669.44,413.23,671.45,300.17,557.13,558.37,884.49,900.79,762.32,584.79,595.07,560.4,779.08,723.86,891.25,657.62
30,16,40,6,40,102,104,62,98,110,38,90,86,32,38,20,30,88,26,82,28,38,26,44,78,36,16,26,48,58,22,54,42,46,44,90,42,94,98,92,38,28,34,110,46,28,46,62,56,50,114,172,28,24,64,78,70,90,108,104,60,102,50,54,28,30,76,48,64,74,78,130,48,62
72.1,55.679,75.811,55.999,52.826,97.045,58.517,100.57,111.34,121.92,97.735,66.126,89.047,87.618,59.687,60.196,58.038,53.099,52.815,59.798,80.192,79.128,89.031,76.416,84.04,54.43,76.594,61.959,102.01,80.739,64.908,107.45,86.303,72.178,79.717,92.094,52.513,78.21,75.574,54.544,73.77,74.209,43.345,85.971,58.693,83.684,75.577,113.27,103.04,81.657,115.55,100.72,66.376,72.393,121.61,71.926,134.06,44.446,84.745,126.82,121.2,89.043,101.4,72.881,84.366,67.115,58.335,58.264,100.82,71.311,57.452,97.597,85.543,68.541
4290.7,4166.9,4311.8,5857.7,4445.6,3555.2,4841,2912.9,2445.2,4510.2,4570.6,4633.2,4850.9,2495,3841.5,3564.1,4162.2,2915.3,3046.4,4318.3,5015.6,5526.6,4404.3,4667.3,2759.8,3322.9,2950.3,3075.5,2462.3,2875.9,2307,2878.3,3556.4,4726.1,4432.5,4246.9,3982.3,3653.6,3494.8,4828.9,3160.6,5230.7,5014.1,2676.7,3652.9,2592.1,3372.2,2838.3,3344.6,3054.1,3966.1,3242.2,3719.6,2636.9,2650.2,2785,2897,2904.1,3797.9,2164.4,4415.9,2559.7,2848.9,3742.1,7163.2,6562.8,5272.8,3994.9,3271.3,3205.3,5359,5638.3,5846,4884.2
726.39,579.84,732.3,679.65,795.48,339.57,494.29,333.84,428.52,500.59,519.06,454.63,884.59,731.69,566.8,476.83,450.54,320.71,378.95,499.52,511.35,680.12,740.18,610.63,810.78,606.31,545.03,547.91,412.15,464.65,412.2,418.83,431.65,468.64,328.9,841.8,772.08,385.03,607.65,802.31,542.76,630.46,682.32,349.78,654.26,391.8,742.01,470.82,306.8,354.52,476.42,452.19,587.82,529.99,486.68,413.44,710.88,295.97,568.31,489.94,454.97,323.68,602.9,454.41,603.74,727.19,583.78,483.54,696.25,499.88,645.67,496.71,877.49,861.26
118.31,120.57,121.64,81.071,86.609,118.79,174.74,207.01,130.62,116.88,135.86,101.06,140.56,108.95,170.99,79.347,83.365,116,103.46,113.09,142.76,85.236,74.367,165.18,125.39,94.21,82.801,130.26,144.07,111.05,90.118,182.91,87.415,200.73,183.32,134.34,117.52,147.39,137.48,126.8,117.72,69.505,96.028,140.34,148.1,160.67,137.79,221.97,125.72,109.46,127.36,106.9,165.27,145.24,153.62,138.54,168.51,107.16,151.97,170.26,95.581,158.51,110.33,166.76,129.22,115.09,122.56,88.494,119.57,138.72,106.34,120.27,129.64,124.71
16,28,24,8,16,0,14,4,2,0,14,2,0,0,18,14,6,4,2,30,22,14,4,16,0,2,26,28,8,2,12,6,0,0,2,0,12,2,6,24,6,12,2,0,8,0,24,18,0,16,18,4,6,4,4,0,6,0,0,2,0,8,6,2,12,2,6,34,14,34,6,16,14,10
14.788,18.379,16.671,21.219,16.592,13.717,18.404,17.787,15.763,11.838,17.962,15.214,10.913,19.633,19.072,15.733,17.42,16.676,17.04,20.434,15.697,22.949,18.417,19.801,21.205,16.431,22.646,18.414,22.561,18.645,20.715,15.34,16.196,19.237,14.579,17.252,13.182,14.738,15.005,19.844,16.015,18.751,14.799,16.379,11.017,16.278,14.864,21.543,16.935,13.523,15.037,14.167,13.702,13.984,15.713,17.31,8.5875,14.649,13.03,12.902,12.623,11.329,15,11.288,20.982,13.586,15.161,19.318,14.408,13.366,14.202,16.754,22.512,18.888
18.291,20.114,18.211,19.221,20.131,17.46,19.63,16.782,12.093,17.578,15.305,14.875,13.806,19.23,15.781,17.112,18,16.195,15.697,15.988,15.027,16.682,16.225,17.486,15.597,18.228,18.849,16.299,17.194,13.06,16.623,16.264,17.458,14.668,13.928,15.544,16.941,16.126,17.255,19.57,15.436,18.443,19.644,14.341,16.751,15.25,17.29,15.569,15.198,14.21,17.593,17.278,16.534,15.323,14.646,14.235,12.647,15.256,10.268,15.885,17.011,18.966,14.806,14.888,19.812,20.291,17.561,13.122,18.878,15.61,16.121,14.664,17.018,16.849
3.4436,3.3504,3.2735,3.4297,2.5058,3.8338,3.7025,3.8036,3.7687,3.4132,3.8504,3.3976,3.3748,3.4749,3.4018,3.2701,2.1261,3.5274,3.5747,3.5016,3.1978,3.4047,3.0881,3.2598,2.5292,3.32,3.643,3.6094,3.468,3.6032,3.0276,3.785,3.0483,3.7925,3.7339,3.3342,3.137,3.6039,3.1446,3.3618,3.6403,3.4166,3.3171,3.2253,3.6727,3.6638,3.3275,3.8128,3.6415,3.3379,3.4869,3.5894,3.7808,3.7206,3.7836,3.4109,3.8632,3.5347,3.8232,3.8138,3.6438,3.3653,3.555,3.678,3.6074,3.0836,3.3961,3.4084,3.2675,3.587,3.4491,3.5132,3.3265,3.492
500.56,589.57,514.56,592.8,565.98,499.73,683.65,506.52,408.44,497.47,502.61,534.31,603.61,459.21,517.99,599.35,516.74,471.65,403.12,526.22,503.26,620.02,606.17,701.61,585.49,426.58,457.76,671.37,557.5,532.13,589.37,678.6,502.62,396.45,491.81,578.63,523.8,657.82,526.55,734.09,515.05,643.24,628.19,380.14,439.75,546.38,526.3,514.7,322.15,483.12,334.61,399.32,410.42,480.06,464.75,326.6,510.2,494.26,438.77,511.28,457.49,511.16,368.38,595.51,767.82,662.45,624.01,639.19,499.07,620.65,485.17,754.75,574.69,481.89
823.79,595.99,762.17,744.87,866.55,377.8,554.93,389.31,467.98,548.61,548.65,509.52,947.02,753.88,605.18,518.37,493.14,348.81,432.01,549.95,531.32,727.75,814.85,646.36,869.59,657.6,621.06,660.86,419.78,464.84,460.1,466.62,500.71,504.03,402.56,912.04,813.16,428.39,707.5,839.2,570.07,674.09,743.12,392.2,730.3,407.36,811.09,468.77,369.25,391.82,567.66,511.46,613.28,647.84,544.76,468.74,809.96,304.06,657.36,544.35,508.74,373.13,585.59,510.73,655.83,777.5,661.12,514.11,740.28,549.99,669.07,556.66,928.88,898.21
5286,5622,5742,5412,5356,2960,3824,3686,6758,5508,5080,5014,4630,5076,6094,5866,4828,4706,5696,5802,3310,6318,6074,5930,5906,4984,4782,5634,5664,5540,7184,5226,5982,5138,4350,4668,4506,4930,4376,5784,3644,4956,5280,3438,4312,4352,5056,3964,4406,5432,4234,5224,4920,5842,4720,4342,5210,5922,2680,4042,4836,5250,4674,3374,5126,6592,5616,5080,4902,6372,4684,5450,5940,5746
5169,5277.1,5925.3,7509.1,5887.9,4310.6,6670.3,3444.1,3086.6,6292.9,5595,6241.4,6170.9,3369.8,4995.1,4197.4,5169.5,3679.9,3302,5393,6866.6,7452.2,5675.6,6393,3709.1,4839,3807.1,3830.9,3560.2,3983,3078.2,3791.8,4437.9,5698.5,5718.5,5459.3,5457.6,5353.7,4907.5,6248.8,4091.2,6707.1,6243.4,3617.7,4954,3488,4189.7,3687.2,4523.1,3664.6,5067,3984.1,4933.3,3340.5,3686.7,2868.2,4103.9,3873.4,5375.1,2908.1,5833.8,2867.7,3698.3,5021.9,8836.5,8120.3,6980,4533.6,4026.8,4032.3,6506.1,7088,7734.8,5566.9
1728,1898,1170,1512,1532,736,564,594,1116,1594,1628,1302,1382,1086,2120,854,1388,974,1378,1610,726,1010,1706,1550,1544,920,1296,1810,980,752,1462,1196,1976,1304,1026,1316,1132,1200,756,1550,802,1420,1636,1062,1310,1752,1324,940,744,1118,1222,1038,1536,1546,1542,964,1598,1038,1176,952,704,656,1208,878,1128,1888,1238,1992,2216,1810,1180,1272,1608,1852
256,260,224,332,194,40,80,120,244,144,264,166,186,236,310,252,306,140,202,186,84,286,170,242,322,244,242,346,250,230,170,230,344,208,106,168,204,208,84,286,86,284,364,192,96,316,338,62,152,250,222,144,178,326,182,120,168,286,92,124,26,208,282,94,326,340,396,230,206,206,218,212,200,252
110,126,160,170,132,64,76,134,154,116,38,116,130,92,164,106,76,112,94,150,22,134,148,204,102,82,102,166,82,140,92,122,132,128,92,122,100,120,134,150,126,162,120,82,124,80,60,60,84,144,110,118,76,64,122,82,158,94,56,42,80,76,84,96,102,178,102,124,104,90,164,92,108,104
46.554,53.349,53.92,46.494,50.002,47.953,44.111,46.876,45.502,49.013,45.922,41.554,54.544,38.747,46.735,50.076,52.041,40.453,33.998,48.317,47.801,53.334,49.98,51.968,52.251,55.503,43.132,45.281,46.396,52.049,44.376,49.59,43.371,49.868,40.578,45.282,41.732,45.691,47.743,47.716,44.308,52.663,52.646,44.417,42.558,36.95,40.115,31.041,31.114,38.269,49.539,49.405,39.839,46.11,42.053,45.971,35.971,48.046,39.357,34.022,46.988,34.132,42.969,49.755,54.41,52.251,44.346,44.459,43.656,48.168,42.596,54.819,50.07,53.571
6355.9,6836,7855.9,9281.7,7365.2,5046.7,8681.2,4018.2,3827.4,7718.5,7026.2,7712.8,7461.1,4360.7,5803.9,4749.7,6054.4,4697.7,3953.8,6272.7,8700.7,9389.1,7126.8,8212.6,4846.3,6537.5,5146,4964.7,4802.5,5082.2,4498.3,4950.8,5209.3,6390.8,7047.7,6785,6979.6,6541.5,6222.8,7938.8,5088.1,8330.6,7886.6,4840.6,6375.7,4120.8,5252,4522.8,5955.9,4358.6,6687.1,4763.5,6353.6,3928.9,5106,3327,4938.2,4789.2,6561.4,3648.4,7722.3,3152.5,4672.1,6103.4,10654,9601.1,8373.8,5005.7,4983,4838.7,8206.9,8792.3,9577.4,6295.6
0,0,0,0,0,6,0,0,2,0,0,2,2,2,0,0,4,2,2,0,0,0,2,0,0,0,0,0,0,0,0,4,2,0,0,0,2,6,0,0,0,2,2,0,2,6,0,0,0,6,6,0,6,8,0,8,6,2,2,2,2,4,0,6,0,0,0,0,0,0,0,0,2,0
8.0514,8.286,8.1136,7.3943,8.3015,5.4673,5.8403,6.9806,7.5012,5.1326,7.4449,7.1478,6.7507,6.6712,7.2427,7.6572,6.1496,7.2303,6.9751,7.2957,7.9214,7.5857,7.8671,7.1752,6.2273,7.0299,6.6446,6.1826,8.1802,6.2491,7.7969,7.2918,7.1626,7.659,7.0207,6.6145,7.3033,5.9982,7.0249,7.6073,7.4158,7.2975,7.0517,6.4474,6.5139,7.2912,7.5151,6.6194,7.9072,6.8685,6.8642,6.8951,6.8374,5.8373,7.6644,7.6115,6.9669,6.3353,6.7651,7.4196,7.6532,6.477,7.0517,6.6081,6.7606,7.5434,7.8269,8.0102,7.4937,7.4862,7.9433,7.2543,7.4739,7.4793
1138,1320,1128,1336,1156,428,728,916,1332,1252,1044,1054,1106,1206,1318,1054,1134,1086,1256,1250,708,1194,1296,1270,1200,1104,1038,1098,1258,1100,1458,1140,1504,1080,1222,1024,1160,1220,676,1258,798,1352,1354,854,1096,962,1154,720,1284,1264,1380,1168,1024,1130,838,1020,832,1370,706,896,674,1002,966,780,1108,1324,1230,1050,1204,1398,920,1274,1260,1400
756.3,892.56,724.85,809.96,707.88,721.22,984.12,749.57,556.57,703.58,741.68,710.46,890.35,717.47,748.79,913.38,703.4,725.86,619.94,751.32,763.52,869.24,894.56,962.09,743.57,611.72,639.27,964.5,786.02,834.91,816.15,960.68,743.35,640.15,708.19,859.73,662.1,917.19,764.49,933.04,690.27,953.85,930.14,569.54,646.45,773.35,801.73,705.16,500.16,699.28,537.43,561.17,593.48,747.78,694.52,450.54,718.04,739.32,634.55,723.44,702.84,722.47,563.6,899.26,1121,966.61,896.96,936.58,714.02,847.65,752.88,1088.5,754.43,701.9
208,214,202,326,164,280,214,320,350,350,248,358,262,234,184,268,188,186,204,270,182,236,276,190,182,126,254,234,258,460,216,242,252,166,128,204,280,196,170,236,176,198,302,264,308,238,284,184,240,316,234,380,262,346,302,360,356,332,204,208,262,226,240,324,142,208,270,236,172,194,208,294,234,230
354,458,388,374,306,364,156,276,258,298,314,314,254,348,370,334,306,272,328,332,194,384,358,318,324,282,270,314,368,358,302,330,338,316,282,206,354,202,280,440,176,376,348,318,206,198,238,282,254,284,294,272,294,274,392,224,246,228,254,240,150,248,290,350,226,200,282,392,334,374,222,348,354,392
880.75,1014.5,823.77,964.96,770.59,834.64,1137.8,850.03,640.3,788.72,829.32,823.11,987.94,847.31,846.46,1057.2,806.31,813.23,719.96,831.7,909.62,1017.3,1029.5,1099.5,822.02,723.8,740,1079.8,937.33,949.46,964.04,1117.6,846.7,691.02,828.41,969.99,707.24,1086.4,858.8,1118.5,778.58,1101.7,1089.8,636.84,733.34,892.75,948.43,803.4,579.61,815.91,613.38,657.26,704.3,893.36,777.56,497.63,804.82,812.97,718.17,845.84,800.16,812.04,634,1030.4,1293.1,1126.9,1050.5,1090.8,802.56,989.51,807.21,1286.9,840.24,767.44
3.6351,3.5866,3.6292,3.6372,3.5826,3.482,3.5923,3.0955,3.5989,3.5174,3.5279,3.7452,3.6348,3.375,3.4075,3.5319,3.6843,3.6119,3.3543,3.5247,3.2272,3.8904,3.8125,3.8557,3.5455,3.8452,3.9478,3.7221,3.8778,3.8074,3.7789,3.3725,3.7027,3.5044,3.4944,3.5929,3.2538,3.6226,3.2237,3.6448,3.5429,3.6976,3.7862,3.3835,3.255,3.5169,3.4976,3.692,3.2343,3.6318,3.3213,3.4451,3.092,3.8146,3.4621,3.5524,3.4921,3.545,3.2173,3.4627,3.4223,3.2854,3.4838,3.5963,3.6232,3.5448,3.9129,3.6633,3.7666,3.557,3.4001,3.5384,3.4931,3.6676
848.21,988.33,790.38,928.28,742.46,801.54,1093.8,813.76,623.07,754.38,801.16,815.96,955.31,810.62,817.43,1011.5,776.94,785.41,692.22,803.23,869.61,983.31,998.84,1060,818.41,695.62,710.37,1062.4,897.36,913.17,921.54,1061.7,815.91,656.21,807.47,939.67,697.89,1058.4,834.49,1074.6,751.95,1065.2,1046.2,609.62,718.25,884.39,912.34,764.43,566.14,776.41,585.1,635.55,676.46,853.07,740.8,482.78,789.09,780.14,696.21,832.78,775.55,778.03,615.92,996.71,1257.2,1104.5,1004.9,1052.9,781.98,958.2,769.57,1235.1,805.33,744.15
6864.4,7321.9,8360.6,9114.2,8291.6,5158.6,9491.1,4420.9,4023,8192.6,7241.4,8957.4,7924,4850.8,5736.3,4626.1,6370.8,5143.5,3893.1,6222.3,9767,10369,7533.1,9054.6,5500.7,7430.6,6272.7,5497.5,6173.6,5526.1,5352.7,5846.3,5283.2,6348.8,7571.5,6987.5,7130.8,6052.9,6862.4,8525.7,5527,8302,8698.4,5639.8,6631.5,3705.7,5739.8,4787,6569.7,4919.6,7565.1,5123.9,6604.6,4234.8,5804,3340,4959,5547.8,6215.1,4278.2,8999.1,3271.3,4824.9,5910.9,10614,9690.3,9293,5220.4,5441,5290.3,8549.9,8826.3,9946,6338.9
154,160,142,146,144,68,104,116,124,100,104,134,138,104,224,102,122,142,116,150,94,124,152,160,86,128,132,148,192,152,170,66,86,116,110,88,122,156,116,176,154,192,152,102,66,100,210,166,138,214,82,96,136,110,122,150,198,90,104,92,126,142,108,106,114,140,106,128,138,300,186,134,186,260
113.21,131.35,111.31,89.782,113.32,62.444,137.58,70.528,58.408,88.09,88.484,129.71,99.799,82.429,149.21,104.22,99.152,108.67,55.978,88.86,106.23,155.25,107.66,124.32,65.693,151.39,173.53,147.31,144.44,104.83,89.712,96.698,99.334,96.561,101.26,142.33,111.38,152.31,102.89,101.82,97.292,121.2,79.141,79.151,132.24,115.25,99.296,48.262,98.074,72.98,92.262,77.51,128.81,102.27,76.67,81.548,59.387,83.119,75.69,102.6,93.472,49.265,85.865,65.131,95.352,119.91,118.96,90.529,137.05,115.43,117.64,121.96,102.17,102.55
315.01,337.27,298.44,336.4,344.16,332.06,384.47,281.35,222.31,298.79,338.4,331.32,367.6,281,294.3,316.34,310.11,280.59,257.14,286.3,320.68,346.43,349.48,405.07,328.86,242.88,309.21,406.14,359.3,319.37,342.4,394.98,311.55,214.21,317.2,316.72,288.92,402.56,310.81,407.42,291.85,376,375.09,237.53,278.47,348.07,320.79,281.92,242.14,286.76,182.74,239.91,244.06,288.81,265.34,212.85,330.1,273.41,253.93,336.61,286.9,294.85,205.62,335.1,444.15,410.19,381.25,335.78,305.01,401.74,253.6,411.2,314.61,288.9
0,0,0,0,0,12,26,0,0,10,0,4,2,2,0,4,2,0,0,0,8,0,12,2,4,0,0,0,0,4,6,38,0,0,0,2,0,4,16,2,2,4,6,16,0,0,10,8,32,4,2,14,30,2,14,12,46,2,4,2,8,6,0,4,2,0,0,0,0,6,4,4,4,0
911.55,588.46,836.52,791.54,854.31,398.06,613.7,456.57,462.88,623.22,580.87,590.78,1044.9,788.35,646.64,551.32,534.24,388,474.45,569.75,569.65,803.2,918.94,691.87,875.98,758.1,684.91,764.24,448.1,498.93,512.19,516.07,570.31,571.78,471.4,983.6,902.44,491.77,760.73,825.8,592.87,719.47,731.67,435.68,853.87,408.05,884.2,503.4,406.88,475.31,672.74,585.53,672.52,675.63,651.83,517.52,925.8,359.23,713.33,592.37,586.29,427.03,611.48,556.51,746.57,829.81,702.77,563.75,822.73,630.79,709.24,625.97,989.29,988.91
30,12,16,14,22,54,16,22,4,78,24,34,30,28,4,4,16,14,8,4,2,26,52,12,4,30,8,36,4,14,6,30,26,24,10,46,66,68,48,18,12,10,8,30,70,0,16,14,8,38,4,62,18,38,82,16,82,16,50,58,36,28,6,10,0,4,6,26,18,2,6,0,14,44
5081.9,5404,5557.9,10004,5525.9,5316.4,8370.3,6158.1,2964.7,4695,5630.1,7874.5,6376.6,4156.6,6163.7,7071.1,7279.9,5440.6,4139.8,5402.9,6629.5,9594.3,4960.6,5321.4,5778.9,4202.9,4516.9,5950.9,5221.3,7025.2,6927.4,3797.4,6989.9,8313.9,5003.9,5989.4,6005.3,5281.3,6147.2,7263.1,5406.7,5769.5,6751.8,4636.2,7144.7,5386.1,7634.2,4079.3,5853.7,4800,5935.6,4405.9,4893.1,4970,4831.6,5983.6,5349.6,4396.3,5116.8,3639.6,6333.8,4502.8,3446.3,5697.7,9206.3,10316,8364.7,8778.8,5107,6125.5,7043.1,10025,7764.8,9099
13.421,12.158,13.299,13.449,13.902,13.475,13.834,9.9729,11.735,12.556,13.722,12.762,12.109,11.271,11.997,10.847,13.245,12.029,13.028,12.613,12.905,11.733,12.434,12.267,12.47,11.873,11.567,13.261,12.306,12.935,12.265,12.461,12.251,11.956,12.198,14.013,12.032,12.71,12.119,13.457,12.886,13.2,13.025,11.076,12.58,12.615,10.806,9.6399,13.083,11.896,13.139,12.274,11.991,13.415,11.793,10.159,10.96,8.6443,10.223,11.458,10.26,10.86,12.477,13.162,13.547,14.465,10.794,11.234,12.266,13.247,12.255,14.058,12.027,14.174
368,362,218,354,226,22,230,276,270,246,290,206,210,258,328,208,320,304,318,294,126,326,276,354,320,268,406,440,356,312,342,272,228,378,270,172,320,248,126,334,146,320,350,294,158,330,238,146,250,340,194,332,292,342,306,248,312,432,214,236,102,268,284,186,376,358,480,262,288,404,276,282,402,438
34,80,24,36,22,38,10,4,28,14,14,32,18,12,54,32,20,36,32,24,54,38,14,48,26,30,24,30,44,66,36,10,22,24,34,62,26,46,44,14,46,30,44,30,16,24,36,18,0,28,26,18,12,28,10,16,6,20,24,20,30,8,26,24,26,56,38,16,24,34,10,40,52,48
88,96,66,54,82,58,32,26,52,20,30,86,20,54,60,26,42,90,50,70,32,82,68,76,104,42,70,92,54,68,18,54,28,42,88,20,26,58,58,76,68,58,38,62,56,54,42,10,22,68,44,44,22,62,32,28,42,42,38,56,40,32,68,30,38,74,34,84,50,76,34,44,70,58
53.178,47.966,52.664,46.842,63.947,48.203,55.481,51.079,33.544,45.208,45.503,41.155,41.772,46.371,32.554,50.948,54.97,42.74,47.28,47.872,47.568,48.85,48.322,42.917,46.24,56.884,56.62,49.663,44.354,37.273,46.311,35.299,49.51,46.351,37.04,47.638,52.032,43.638,48.886,48.702,42.967,53.347,57.405,45.352,45.316,43.736,48.515,31.101,46.523,43.312,40.376,49.613,51.259,44.836,34.012,44.571,36.87,40.731,25.595,50.938,45.346,49.461,41.388,42.256,54.186,61.702,48.463,34.31,40.706,44.217,48.51,46.085,51.191,49.304
30,10,24,22,26,32,28,50,24,26,30,80,28,28,20,18,64,12,22,22,36,24,20,16,8,30,34,26,22,16,22,54,34,16,10,42,98,72,46,54,36,30,10,30,24,8,26,18,24,70,28,58,58,26,50,28,56,46,36,80,44,54,38,50,18,20,30,16,16,32,8,16,30,44
14,2,4,10,10,28,0,14,4,10,34,16,26,2,16,8,2,22,2,14,6,8,20,8,4,0,0,4,4,4,26,20,20,22,30,2,0,14,10,8,4,14,18,20,10,8,8,18,14,0,26,16,4,22,20,24,6,10,38,24,6,10,16,22,2,10,10,40,0,2,4,2,8,4
136.55,169.42,170.39,163.01,159.81,119.99,135.01,134.59,148.94,113.49,116.47,150.82,163.9,129.18,145.51,113.69,92.311,135.25,143.3,149.88,169.36,162.25,135.85,177.58,140.05,159.41,138.96,145.54,150.14,112.76,151.96,130.9,106.28,173.28,175.37,148.13,135.85,146.8,148.36,135.49,166.68,151.84,149.1,105.29,137.96,138.83,131.21,129.73,166.45,156.1,165.94,127.93,125.49,161.08,152.93,102.84,125.62,129.9,149.98,115.9,147.08,143.04,154.55,155.23,167.97,170.38,165.54,133.35,154.42,146.68,163.12,191.26,151.82,173.52
60,28,40,26,8,20,62,68,134,100,24,12,106,22,28,52,12,50,20,80,56,56,42,2,32,14,40,100,70,46,128,58,86,86,104,96,108,54,128,48,38,62,76,48,90,108,40,60,58,82,48,72,60,52,20,80,68,184,40,100,70,84,28,42,18,58,44,16,12,46,18,28,24,108
20,20,30,16,20,20,10,38,6,10,14,12,12,16,14,20,28,14,16,32,12,12,28,12,6,18,10,12,6,14,10,0,12,14,28,12,18,10,12,4,10,40,28,18,12,0,10,2,0,16,12,2,12,2,14,8,20,8,6,12,2,2,8,6,8,0,26,8,16,18,22,8,24,30
10,4,6,2,24,0,0,0,8,4,6,0,10,8,16,2,4,0,0,20,0,4,6,6,8,2,10,26,0,0,4,0,14,4,4,2,10,10,0,10,6,12,24,4,4,6,14,4,2,0,8,6,8,6,14,0,8,2,2,4,2,2,4,0,8,10,4,8,6,6,18,26,8,12
26,2,0,2,4,10,4,0,6,26,0,16,6,4,12,2,4,14,2,18,18,4,0,10,2,8,0,0,10,0,26,14,0,16,2,10,10,12,0,8,2,8,4,16,26,28,34,4,18,4,2,26,14,2,28,2,24,22,2,36,6,10,14,6,8,12,10,2,4,4,2,0,8,8
10,6,0,10,14,0,4,10,0,0,0,10,14,2,0,16,2,4,0,2,2,0,30,12,14,0,12,0,6,8,0,2,6,10,2,10,6,8,6,12,12,6,4,0,0,4,2,0,2,0,2,0,12,2,0,4,12,0,4,0,4,4,8,0,4,0,14,16,10,16,4,6,22,18
6.9999,7.8088,7.391,7.409,7.7318,7.9848,8.0579,5.605,6.7928,7.0536,6.4786,6.2124,7.6747,7.7449,7.9269,5.983,7.256,6.9263,7.2243,6.6488,7.0165,6.9362,7.479,7.3986,7.266,7.7011,6.825,8.1897,7.5867,6.2104,6.5692,5.9181,7.3413,7.2119,7.6363,7.6207,5.9574,7.4794,6.9186,8.0253,7.1106,6.9435,7.2677,5.8734,6.9329,7.2175,6.2926,7.3332,7.2534,6.8388,7.2713,7.6902,7.3614,6.7132,6.6464,7.06,7.264,7.2986,6.7345,7.0952,7.4841,6.7206,6.9526,7.9724,7.3856,6.788,7.985,7.7345,7.5945,7.7254,7.688,7.4874,7.1701,7.3336
123.86,114.54,56.233,122.29,172.06,115.13,119.96,83.677,92.347,131.33,126.52,93.648,107.19,124.83,120.36,153.35,93.857,76.253,126.28,133.35,144.58,85.247,92.435,109.21,112.39,114.64,101.71,104.18,103.55,68.591,107.26,70.793,133.56,118.4,84.331,126.89,121.05,113.65,95.371,136.8,116.77,139.71,148.48,92.049,127.64,110.89,106.29,91.204,127.89,126.12,93.111,117.98,77.734,99.852,79.001,108.75,68.322,70.092,78.916,90.373,76.64,98.144,74.288,66.279,98.894,113.78,156.01,152.05,112.03,119.19,151.56,101.22,63.452,116.85
33.085,31.657,26.745,27.593,25.67,26.734,27.788,20.398,23.17,25.468,28.521,27.434,29.199,30.297,25.19,32.705,24.862,28.169,30.27,30.091,28.061,33.525,24.574,33.746,28.152,28.845,32.027,30.309,33.324,26.689,27.79,25.474,31.133,31.279,36.661,29.195,27.714,28.739,29.798,29.661,29.454,31.598,26.047,25.89,32.959,26.369,24.463,33.383,26.193,26.259,31.702,29.038,30.044,26.548,25.02,21.43,28.397,28.259,22.235,31.094,30.596,27.119,28.436,26.311,36.215,34.545,33.808,27.546,30.474,31.695,38.206,31.998,28.566,31.743
28,12,6,36,54,4,4,2,10,2,4,16,20,4,16,12,20,12,22,4,12,14,18,10,4,6,4,8,6,18,12,4,26,8,2,10,6,6,2,10,8,28,2,12,4,4,0,22,0,30,10,8,22,4,8,40,4,2,2,8,6,6,0,16,4,6,6,10,48,30,44,2,22,24
104,138,82,170,176,44,98,122,44,46,102,102,98,92,92,86,136,142,172,122,78,110,62,144,88,146,96,88,128,96,144,78,108,126,74,96,80,90,100,176,120,84,140,72,64,82,96,66,52,206,114,140,112,102,54,96,92,126,80,142,62,142,94,82,62,88,160,124,162,160,134,130,86,106
145.33,147.87,169.22,135.32,126.05,92.205,166.77,112.92,92.309,127.31,124.31,88.14,177.59,158.54,128.36,145.44,110.52,137.94,112.64,87.005,132.59,172.11,153.53,147.59,143.22,94.226,128.89,156.05,117.53,144.03,136.25,123.58,149.95,136.13,151.58,144.27,118.9,110.77,169.27,159.99,157.31,153.9,167.55,133.75,107.78,125.25,102.55,130.38,155.11,121.64,137.45,135.23,130.06,147.1,124.92,149.4,110.74,145.44,121.64,104.05,131.13,116.21,142.45,161.52,139.49,189.89,119.1,156.76,160.27,158.23,120.77,103.84,164.86,160
0,4,2,0,4,10,8,12,10,0,8,14,18,14,6,6,0,4,4,4,18,22,6,4,6,10,4,4,6,12,8,2,20,12,6,16,10,8,20,2,6,0,8,14,14,16,2,8,26,30,2,16,0,4,36,2,2,8,2,14,6,20,10,0,0,6,2,8,2,4,2,4,4,2
264,324,192,200,132,310,218,216,248,318,354,354,222,288,214,204,274,246,224,254,266,260,238,250,130,194,282,266,240,502,280,268,492,292,190,254,310,302,186,424,166,166,232,362,354,132,292,254,360,486,228,574,258,392,252,256,360,338,222,332,222,338,178,374,164,118,102,178,194,324,212,358,272,382
44,114,130,106,102,154,236,180,82,212,138,172,106,126,74,202,74,122,136,172,126,168,134,160,128,72,102,126,76,170,140,138,240,154,76,146,94,158,160,136,138,86,144,192,170,66,86,146,198,210,152,290,80,84,148,132,62,126,196,132,130,200,126,146,96,112,78,64,100,118,190,132,140,132
3.6842,3.8283,3.4554,3.7087,3.1132,3.4726,3.605,3.4666,3.4305,3.536,3.5156,3.6066,3.2872,3.5579,3.5209,3.536,3.2809,3.4708,3.2683,3.4286,3.4724,3.5608,3.5851,3.5698,3.6513,3.4388,3.369,3.7628,3.4373,3.4778,3.6964,3.374,3.4859,3.5674,3.5301,3.7144,3.3286,3.2944,3.6235,3.7381,3.7539,3.5908,3.5713,3.4414,3.493,3.4793,3.4754,3.3911,3.3548,3.3991,3.5408,3.1972,3.3422,3.3792,3.5821,3.6152,3.579,3.4509,3.262,3.3193,3.5279,3.4118,3.4684,3.5211,3.5573,3.4659,3.74,3.493,3.7478,3.5652,3.4451,3.4265,3.5441,3.5706
58.032,84.298,100.48,73.953,96.662,62.851,116.55,65.866,66.307,74.81,95.414,101.78,84.512,72.404,108.73,89.592,97.02,68.735,87.626,73.256,66.398,87.391,69.449,106.33,105.64,89.769,89.16,110.25,88.443,73.38,69.428,110.24,78.016,55.957,77.044,97.383,91.066,108.56,95.573,100.21,82.899,97.793,84.716,66.2,78.438,94.977,73.133,94.884,66.646,71.396,86.248,65.102,70.546,98.086,82.66,77.84,84.673,78.936,83.45,83.03,75.767,66.536,72.105,97.764,112.28,86.169,119.16,112.39,80.001,101.77,122.01,113.85,103.51,103.17
1046.3,729.01,973.79,1010.5,1113.1,517.53,773.43,504.79,501.78,628.9,795.07,813.12,1113,998.21,856.46,704.51,679.87,428.58,610.24,781.4,746.02,1049.1,1031.4,959.75,975.74,1066.2,911.98,893.51,505.3,622.04,613.93,663.86,727.77,638.37,623.88,1259.2,984.61,643.85,948.18,883.87,676.06,986.28,848.75,503.43,1185.1,537.29,1285,613.36,468.75,684.49,1038.7,785.63,791.18,937.07,866.64,669.16,1280.1,442.74,862.4,680.21,790.64,561.04,739.51,626.82,1013,949.63,897.22,715.64,1112.3,864.36,883.93,738.99,1095.5,1094.4
10,0,2,2,2,0,0,0,0,0,0,8,2,2,8,4,2,2,0,6,0,0,0,4,2,0,4,4,2,2,4,2,0,2,8,4,0,4,0,14,0,0,4,4,0,0,0,0,0,6,0,0,2,0,0,2,0,0,0,0,0,2,0,0,0,2,10,4,2,4,10,6,0,0
175.05,141.09,144.34,126.43,125.99,146.38,158.08,78.092,112.42,112.89,120.74,121.88,123.94,154.08,124.11,112.44,113.09,150.13,158.45,99.021,116.05,152.01,131.59,135.99,127.54,155.18,112.88,162.09,168.39,127.45,133.95,96.896,129.97,122.94,193.53,152,151.52,96.616,139.62,150.01,141.62,121.19,112.42,101.85,138.52,124.13,124.46,128.91,136.39,96.611,148.32,117.55,142.91,98.06,109.1,102.44,132.59,159.61,126.24,143.61,117.11,82.056,142.74,152.27,153.04,149.24,185.35,143.23,150.38,154.82,148.95,136.83,100.2,161.81
28,8,12,38,16,16,22,26,56,14,30,66,26,44,10,36,26,16,10,32,16,22,2,22,18,24,6,6,20,14,16,46,22,30,18,32,12,34,16,8,28,22,22,38,22,6,34,20,32,40,18,28,10,28,26,38,24,26,24,30,28,42,18,10,6,14,26,28,16,12,18,32,28,34
3.3265,3.3172,3.448,3.4189,3.5929,3.669,3.7571,3.367,3.3451,3.4078,3.6589,3.4713,3.3393,3.4885,3.4984,3.1157,3.2867,3.4047,3.1755,2.9596,3.315,3.9105,3.8435,3.7798,3.3015,3.8239,3.8581,3.6869,3.8456,3.8012,3.6433,3.4426,3.4115,3.1228,3.2251,3.4636,3.2501,3.704,3.2751,3.0142,3.5385,3.3238,3.4533,3.1743,3.182,2.9925,3.3574,3.213,3.6522,3.1036,3.3729,2.8969,2.7163,3.3908,3.1939,3.124,3.3243,3.1948,2.7389,3.5228,3.4583,3.4462,3.3152,3.378,3.4187,3.5441,3.7605,3.1826,3.5538,3.5709,3.2357,3.4123,3.3135,3.4834
3.5287,3.8061,3.5927,3.7052,3.741,3.4868,3.6285,3.6024,3.7248,3.3069,3.1673,3.7738,3.7857,3.334,3.8102,3.1591,3.5868,3.564,3.7564,3.421,3.5377,3.4215,3.4141,3.5396,3.4742,3.2431,3.6292,3.6579,3.5774,3.4389,3.3579,3.529,3.4707,3.3087,3.6706,3.7272,3.0694,3.5774,3.652,3.8224,3.824,3.8188,3.4348,3.5983,3.8071,3.4942,3.2876,3.4395,3.3218,3.3404,3.8102,3.2352,3.2072,3.5673,3.6275,3.3764,3.5721,3.0354,3.3372,3.6425,3.3868,3.4238,3.3316,3.7043,3.9061,3.453,3.7536,3.3238,3.7042,3.7277,3.4578,3.5486,3.8454,3.5339
386.61,350.46,358.37,372.41,375.16,257.41,434.11,240.36,211.65,216.96,325.2,442.53,316.67,309.91,614.1,414.93,387.22,426.52,185.93,351.85,283.83,552.64,441.26,460.66,257.19,550.02,705.14,559.63,495.94,380.45,304.27,292.51,371.24,231.07,306.35,526.1,278.38,484.3,371.54,324.89,345.67,425.19,262.41,274.84,491.69,495.3,329.75,154.23,391.39,272.46,320.09,275.41,478.55,288.1,243.39,336.61,312.89,249.64,219.88,394.16,338.32,185.57,411.29,220.1,312.99,342.71,301.35,303.74,421.36,337.84,387.66,365.9,321.55,318.83
2,2,2,8,4,4,0,4,0,0,0,0,0,6,4,0,10,0,4,0,0,0,2,0,0,0,6,4,2,2,0,0,4,0,2,4,0,2,4,2,0,0,4,0,2,0,0,2,2,4,8,0,0,0,2,0,0,0,4,0,0,0,6,2,2,0,4,0,2,2,4,0,6,4
3.6821,3.3734,3.5122,3.3781,3.0778,3.4302,3.1833,2.9195,3.4139,3.3971,3.0764,3.1858,3.3064,3.2462,3.6187,3.2967,3.3303,3.5487,3.2473,3.224,3.2761,3.5926,3.3983,3.5703,3.4507,2.966,3.4315,3.6598,3.4814,3.2528,3.6823,3.4879,3.4464,3.3874,3.452,3.6242,3.2703,3.669,3.484,3.5853,3.6535,3.415,3.1997,3.1551,3.7386,3.4068,3.0453,3.5373,3.1911,3.3275,3.6286,3.3361,3.1149,3.1439,3.463,3.3785,3.3904,3.2686,3.6519,3.2289,3.4556,3.1579,3.2889,3.3603,3.5885,3.5218,3.6668,3.2604,3.6052,3.3226,3.5495,3.5777,3.2891,3.3147
211.38,198.42,244.75,259.12,232.82,187.72,230.53,157.56,157.63,186.63,245.09,224.74,245.41,269.38,243.63,180.06,123.3,156.33,188.56,200.38,191.42,197.27,205.11,182.04,219.75,194.39,209.9,207.58,177.65,195.8,135.75,259.2,234.39,136.05,225.92,270.27,171.52,178.34,175.25,179.58,240.9,269.36,231.27,196.08,192.9,181.68,178.18,183.62,166.52,195.42,146.43,202.55,218.36,227.99,192.32,175.77,208.87,170.96,163.72,170.95,171.4,221.55,175.99,181.87,267.23,238.07,257.82,158.94,223.36,241.3,254.59,182.52,157.91,199.05
3.6671,3.5641,3.5719,3.5244,3.4737,3.7336,3.5263,3.2243,3.415,3.2886,3.3212,3.5899,3.5179,3.4077,3.7205,3.6158,3.4123,3.6063,3.6382,3.5447,3.536,3.7144,3.6692,3.556,3.351,3.2815,3.7503,3.6588,3.6425,3.4016,3.4351,3.3951,3.2227,3.3297,3.5403,3.4618,3.5138,3.6662,3.6027,3.6032,3.7802,3.4527,3.4286,3.108,3.6418,3.6377,3.3072,3.3445,3.3822,3.3925,3.5386,3.2011,3.4718,3.6711,3.8261,3.3028,3.5985,3.4594,3.3885,3.5933,3.5559,3.0897,3.4677,3.5951,3.6066,3.5696,3.673,3.3002,3.7602,3.6409,3.5138,3.4232,3.2657,3.3965
324,222,280,282,330,364,328,340,248,370,404,360,356,314,220,336,310,350,312,396,288,366,308,308,364,360,240,274,320,388,376,382,422,300,238,210,300,316,214,412,218,360,250,354,302,328,452,272,250,430,326,450,246,392,478,294,430,290,244,304,210,238,384,290,240,250,268,262,406,168,346,350,302,290
19.307,19.117,19.792,19.197,17.076,17.095,20.399,17.925,13.743,17.629,17.672,18.28,13.964,16.943,19.2,19.431,14.848,14.411,19.413,16.043,14.704,19.506,14.987,20.437,18.489,15.794,16.425,17.348,18.743,17.505,17.649,14.252,17.993,18.529,18.21,16.78,14.921,16.576,17.676,19.591,19.108,19.587,15.367,14.45,15.682,18.202,15.365,17.449,19.877,15.628,18.694,16.857,14.195,19.993,20.668,17.354,12.51,17.012,14.672,10.992,18.463,16.153,15.004,20.242,19.904,19.633,20.242,14.381,18.773,16.648,15.83,15.229,15.495,16.608
0,0,0,0,0,0,0,0,0,0,2,0,0,0,12,2,6,2,2,0,0,4,0,0,0,0,0,0,12,0,2,0,0,0,0,0,0,0,6,2,6,0,14,2,0,0,0,2,0,0,0,0,4,0,4,2,0,0,0,0,0,2,0,0,6,0,0,8,0,0,0,0,2,0
11911,10586,13369,12234,13250,7903.2,15645,6804.1,5576.7,9955.5,11436,13898,11570,7705.6,11122,7979.5,10754,9337.5,5607.4,9709.3,14581,14794,8683.4,14621,7802.1,7069.7,8455.2,9323.3,11405,7608.4,6428.8,10556,8970.3,8677.9,11816,11402,11008,12110,9188,12446,7691.2,12710,13666,8674.9,12048,7553,10143,8817,11342,7029.3,14847,9076.9,12534,7874.8,7566,6882.6,7509,9840.9,6861.2,10030,15521,8728.7,6658.2,8407,13520,17113,15967,8541.2,6608,10116,11210,10848,11182,7899.6
3.6573,3.5263,3.728,3.3932,3.3046,3.0755,2.6272,3.4974,2.9144,3.1501,3.5783,3.0195,3.6209,3.6151,3.4145,3.4761,3.3742,3.3174,3.3947,2.9275,3.4985,3.5198,3.493,3.429,3.6371,3.2175,3.3674,3.5683,3.1221,3.2003,2.9343,3.1286,3.7661,3.5071,3.4074,3.7824,3.713,3.5559,3.4827,3.4213,3.5326,3.3906,3.5814,3.3233,3.4267,3.3716,3.3194,3.832,3.7179,3.192,3.4896,3.578,2.9892,3.3581,3.2033,2.5244,3.8717,3.691,3.0831,3.5672,3.6344,3.752,3.3471,3.5397,3.3624,3.5515,3.7382,3.7112,3.5032,3.5904,3.4445,3.5245,3.5322,3.5515
23.046,18.568,20.201,18.646,18.787,16.118,17.027,10.795,22.016,11.247,16.972,16.198,17.57,19.916,16.7,17.478,18.13,19.134,20.167,19.281,15.532,17.762,18.153,16.819,17.958,18.304,20.256,15.696,19.189,17.443,20.617,14.43,22.315,24.377,23.276,16.603,17.236,19.824,19.039,18.911,18.867,19.166,19.295,17.518,20.303,15.66,18.751,19.42,21.88,14.802,21.542,22.308,18.025,20.787,15.706,21.28,22.602,19.123,17.622,20.282,18.543,18.487,14.407,22.602,22.584,21.6,22.699,18.805,19.055,21.642,21.809,16.658,17.325,21.424
