241,199,214,334,306,239,278,197,249,203,156,243,221,39,133,123,127,190,177,184,101,120,111,170,196,122,248,220,260,224,184,156,205,184,231,236,252,134,199,229,187,157,172,203,181,151,289,224,281,113,221,195,237,108,170,205,238,283,159,240,161,277,223,207,180,296,267,217,260,132,188,234,160,168,242,218,188,177,155,184,156,176,199,142,141,123,139,280,136,261,209,182,135,114,168,146,156,154,177,131,154,237,111,138,169,193,137,206,123,179,129,151,130,148,152,142,134,97,130,86,131,142,58,138,118,183,103,108,115,156,97,120,268,166,227,260,266,282,245,228,248,225,258,190,226,239,267,230,210,244,219,240,229,269,268
434,291,280,400,385,350,394,306,330,286,222,313,296,82,180,212,242,283,289,259,173,238,174,246,284,192,313,345,324,326,297,280,290,267,339,332,358,251,237,377,243,297,279,315,270,236,377,297,402,203,287,296,318,178,262,277,323,340,247,339,255,375,327,304,277,401,338,299,370,202,311,357,240,261,381,329,285,252,252,248,231,279,312,214,184,257,204,422,250,369,294,272,269,184,243,235,250,285,283,220,223,328,171,234,239,314,226,263,185,290,219,235,199,243,187,246,165,191,224,203,267,227,79,177,192,232,227,178,190,211,173,189,326,249,323,367,389,404,360,340,370,379,387,294,303,294,374,276,300,371,283,341,333,372,387
131,98,94,140,137,123,127,146,108,98,93,100,111,33,27,90,32,87,80,86,73,60,78,101,73,83,139,134,127,86,88,76,152,112,130,117,159,146,92,106,128,96,104,100,130,76,82,90,163,79,86,100,117,35,128,87,139,114,55,128,115,107,93,92,90,123,115,93,132,48,112,80,77,64,132,137,76,113,88,120,55,59,141,90,97,60,61,124,91,124,117,95,60,49,90,72,62,104,62,51,91,108,62,75,88,57,78,71,69,97,72,61,70,76,74,79,45,45,73,79,88,56,62,45,63,55,82,41,82,47,83,115,142,73,141,101,112,78,133,91,135,112,109,106,98,144,140,107,69,113,84,164,131,135,165
138,109,98,145,149,136,131,158,108,98,94,109,112,33,34,94,35,112,92,86,84,66,82,102,80,83,144,143,157,86,95,80,164,116,139,123,161,151,98,118,133,100,104,108,130,82,96,95,170,81,88,102,123,36,151,93,164,114,59,168,116,118,109,95,100,129,119,93,137,50,122,85,95,65,147,141,89,117,97,130,58,64,153,94,107,62,67,140,95,127,125,97,64,49,90,96,63,104,62,72,92,116,62,75,91,72,82,81,86,102,73,61,77,78,74,86,50,47,77,89,95,61,62,45,64,60,88,45,82,47,96,115,144,73,151,133,113,80,141,92,147,115,117,107,100,148,144,112,80,114,85,185,139,137,165
603,422,386,555,483,526,540,385,441,373,376,431,380,238,268,309,391,479,477,413,330,392,315,429,411,360,387,480,424,555,384,488,464,382,459,458,500,434,327,522,392,438,418,495,423,331,552,417,548,308,435,445,439,312,410,387,482,536,401,494,438,635,456,452,453,532,470,421,521,386,454,500,397,429,455,490,393,413,401,388,344,436,458,296,313,371,299,624,388,505,475,350,402,284,350,350,362,439,431,314,378,464,345,347,373,516,386,356,299,356,373,327,334,379,331,377,256,318,351,288,370,340,157,321,281,298,349,334,324,292,290,361,450,414,424,504,542,517,535,510,561,604,584,440,460,456,477,452,501,496,450,439,512,558,535
2468,1936,1998,2118,2859,2506,1917,3020,2206,2020,1671,1778,2628,771,1112,1763,1415,2182,2065,2198,2173,1880,1482,1709,1148,1779,2297,2151,2057,2503,2209,1551,1952,2244,2217,2396,2334,1866,2120,2191,2214,1895,2035,2037,1973,1717,2169,1981,2681,1951,2858,1655,2525,1178,1980,1901,2109,2001,2118,2639,2499,2401,2141,2120,2210,2944,2099,2409,2158,1522,2009,1480,2033,1381,1487,1868,2158,1876,1460,1650,1409,1974,1616,1523,1183,1231,2111,2121,1467,1928,2249,1627,2183,1020,1668,1455,1907,1672,1617,1246,1296,1808,1168,1644,2430,996,1665,1851,2444,1677,1671,2059,1322,1243,1277,2004,1324,700,1706,1061,1810,1936,1578,1464,1479,2082,1871,898,1417,1375,1708,1543,2639,2273,2067,2088,2575,2065,2410,2558,2289,2115,1968,2048,2001,2148,2364,2285,1527,2310,1623,1621,2077,2331,2419
3037,2318,2335,2503,3259,3039,2261,3500,2681,2515,1920,2118,3030,1184,1503,2150,1835,2608,2488,2610,2610,2340,1913,2158,1688,2063,2866,2726,2679,2894,2639,1877,2424,2601,2813,2809,2942,2447,2436,2594,2975,2553,2328,2578,2384,2269,2769,2568,3243,2478,3335,2204,2985,1530,2396,2255,2578,2442,2602,3205,2924,2826,2604,2656,2624,3392,2621,3060,2715,1938,2529,2076,2558,1776,1970,2301,2591,2314,1796,2121,1784,2549,2041,2042,1465,1681,2539,2570,1779,2390,2901,2062,2742,1386,1994,1961,2265,2262,2075,1597,1559,2271,1521,1996,2990,1491,2126,2208,2793,2397,2262,2473,1665,1667,1819,2643,1719,948,2041,1357,2270,2377,1979,1733,1875,2592,2288,1186,1847,1626,2051,1919,3211,2661,2468,2530,3111,2573,2965,3077,2731,2503,2300,2464,2346,2422,2827,2943,1909,2817,2051,2097,2496,3074,2848
84,45,35,94,75,85,92,122,79,86,56,86,34,13,20,50,24,38,77,44,38,31,67,44,45,63,51,84,93,68,53,53,112,98,67,86,127,70,59,112,83,35,65,124,48,41,44,41,69,41,58,53,98,21,63,91,83,126,104,105,33,43,72,56,77,64,71,61,95,21,68,74,38,56,83,82,33,45,42,60,22,53,78,67,50,32,65,78,67,77,78,77,39,10,42,50,42,70,53,14,64,60,24,51,40,59,62,86,74,63,21,33,39,42,34,51,21,26,42,40,87,37,36,21,26,16,54,27,40,26,33,46,116,56,58,49,29,55,66,48,103,88,82,66,55,74,59,59,65,71,38,70,94,64,73
540,448,365,431,470,550,509,577,538,415,305,440,442,221,239,385,325,451,467,360,406,299,318,354,386,331,438,530,504,351,370,354,548,462,517,551,560,423,322,428,525,423,358,497,472,309,473,436,607,279,495,392,429,236,400,335,432,437,328,578,424,404,485,420,361,559,476,507,564,424,462,432,435,463,563,462,440,382,432,443,226,401,485,413,356,359,324,530,372,509,540,321,335,295,389,351,354,482,406,276,447,451,308,371,449,389,384,316,444,361,384,339,256,341,277,494,262,225,329,296,327,343,204,297,319,378,360,249,357,243,346,339,540,325,396,483,616,468,458,423,401,427,499,377,433,430,440,729,408,457,387,506,475,390,560
111,68,52,148,109,134,135,156,121,122,72,116,59,31,33,77,38,62,92,64,81,48,82,67,70,119,96,126,171,93,76,80,147,125,92,121,158,108,84,158,130,58,90,136,83,64,78,62,124,64,96,130,123,44,103,117,115,134,121,150,78,74,110,77,85,118,123,85,148,40,106,99,86,84,113,117,56,74,78,100,34,68,111,90,84,60,86,105,76,115,106,108,61,32,68,71,66,93,96,38,78,91,70,80,84,108,134,133,123,69,43,60,72,53,63,64,39,29,60,52,110,49,54,44,46,29,64,87,75,31,66,85,159,73,80,95,70,97,105,55,156,121,139,100,92,113,102,118,77,89,45,113,159,90,131
163,107,167,153,148,133,137,46,120,164,83,74,280,16,23,127,24,187,22,55,70,67,49,96,110,127,98,108,64,110,122,53,90,53,60,165,103,96,145,94,63,60,90,71,150,72,126,113,172,76,250,120,79,74,110,103,158,123,92,161,161,116,82,47,278,250,85,176,153,42,79,64,95,96,79,116,55,37,38,110,100,67,82,44,36,32,153,150,67,131,84,117,121,20,41,57,73,33,49,41,46,72,35,49,129,91,72,79,141,42,76,48,58,31,43,56,64,14,54,93,90,82,90,65,83,56,44,23,64,65,25,61,87,150,79,59,160,75,124,77,119,161,68,108,143,140,110,105,181,212,85,176,113,190,115
574,508,466,614,595,592,583,651,588,539,391,506,458,175,271,472,373,662,589,446,564,504,470,491,419,441,546,706,748,561,531,544,629,540,585,649,678,526,428,566,610,520,411,512,479,428,579,477,701,365,551,556,469,232,554,488,563,411,408,673,494,579,606,598,527,629,540,437,643,551,675,561,522,535,638,478,458,580,489,597,298,456,648,391,414,468,459,628,406,575,657,391,439,344,380,417,437,432,476,294,447,530,378,506,608,553,486,448,572,510,477,489,302,373,354,598,270,252,420,293,528,320,220,425,342,378,445,304,325,281,438,454,631,497,565,619,508,591,538,560,657,518,701,594,519,565,594,672,486,561,436,635,723,531,735
575,501,454,607,606,606,580,656,569,545,407,486,477,173,245,499,340,667,591,433,515,505,489,490,440,448,553,727,763,550,515,500,592,521,561,617,682,546,401,557,617,515,393,516,485,457,578,465,703,373,560,548,459,210,536,472,563,412,386,674,492,554,580,588,554,638,531,428,619,483,654,567,553,485,619,497,424,553,459,600,292,432,726,393,385,477,446,612,388,550,674,391,469,316,390,370,418,456,476,281,430,585,390,448,598,502,468,463,545,502,483,480,268,340,336,602,255,233,406,274,543,326,196,436,326,375,409,295,331,291,441,447,658,467,576,647,522,594,554,554,650,492,732,579,552,521,644,668,479,543,427,607,689,492,720
1810,1174,1097,977,2020,1624,971,1535,1353,1222,1013,1063,1997,354,621,949,954,1104,1052,1023,1348,1282,892,977,720,1196,1207,1004,1278,1602,1454,1101,1221,1025,1084,1921,1141,813,1124,1447,1076,983,1008,774,1248,1012,1488,1127,1716,1056,1803,836,1065,615,1358,1174,1209,965,906,1584,1525,918,1024,1273,1327,1689,1414,1120,1180,910,1151,796,996,703,946,1137,1137,1025,810,1007,535,1208,1032,963,800,746,1028,915,735,943,1032,859,1190,593,765,646,1081,1104,820,544,834,883,595,1009,1456,508,998,983,1616,953,874,1241,883,782,880,1068,733,322,848,485,731,1112,836,672,750,1403,872,549,711,766,869,859,1351,926,1227,1111,1270,1022,1201,1416,1735,1348,1133,1264,1021,1262,1221,1236,793,1663,949,937,1247,1379,1486
611,445,442,583,547,545,555,433,480,422,397,459,438,263,304,359,477,539,551,483,395,469,366,538,484,440,494,492,451,659,441,564,497,402,484,492,549,512,352,594,518,481,484,589,459,360,724,450,603,379,469,482,460,413,483,449,525,548,442,530,497,708,516,555,541,592,529,487,588,427,541,556,441,471,546,527,429,431,439,445,416,494,533,351,351,424,359,667,418,540,538,384,495,347,419,429,439,480,513,399,442,535,392,402,433,578,451,464,346,426,477,400,407,436,460,469,328,353,427,342,439,390,214,389,358,403,456,385,395,359,389,441,477,433,439,534,626,546,587,591,623,636,600,468,528,463,490,488,532,558,494,527,554,569,595
1817,1174,1114,987,2031,1647,971,1548,1354,1225,1014,1079,2003,354,624,963,968,1153,1079,1041,1358,1309,916,1012,723,1205,1222,1018,1285,1627,1465,1115,1222,1030,1090,1932,1149,826,1175,1472,1077,1011,1021,777,1252,1038,1518,1128,1752,1068,1805,855,1080,639,1370,1197,1212,965,908,1599,1534,925,1042,1310,1338,1709,1435,1139,1191,910,1168,801,1007,715,961,1149,1140,1050,815,1022,586,1231,1047,965,812,751,1036,928,762,947,1075,860,1209,602,786,667,1097,1114,829,544,842,901,615,1027,1456,517,1000,1000,1622,963,877,1257,894,798,880,1095,759,332,891,485,740,1134,846,678,766,1444,925,585,714,779,872,881,1356,933,1245,1116,1385,1032,1213,1421,1777,1368,1145,1269,1043,1281,1224,1251,808,1667,956,949,1248,1404,1491
770,546,453,536,579,734,707,662,669,541,443,557,560,344,329,499,421,659,638,528,564,439,447,475,523,459,555,676,637,478,483,491,653,558,621,713,741,631,440,561,670,589,470,642,647,458,624,544,795,401,623,577,558,344,490,422,536,662,516,730,590,537,660,585,521,731,751,609,760,552,671,554,657,597,691,597,590,485,574,623,348,572,671,552,474,468,436,746,511,662,647,436,450,389,522,505,530,638,581,384,616,622,401,497,681,564,525,450,611,539,548,490,390,532,421,714,341,342,434,436,485,452,334,403,453,476,487,370,413,322,425,534,676,422,495,615,796,547,625,538,596,594,651,476,527,605,609,889,565,577,487,651,608,537,767
59,58,19,47,99,65,40,58,37,37,28,41,52,18,17,31,21,40,58,16,36,36,35,37,22,22,14,40,55,35,23,38,58,46,55,62,44,26,20,48,51,19,41,28,44,26,29,60,66,49,47,34,37,13,52,33,56,72,44,56,28,75,52,32,42,36,46,27,52,22,33,23,65,75,106,40,26,31,63,29,16,22,46,20,43,32,35,42,44,54,48,32,30,7,30,3,27,36,19,12,17,16,20,26,13,60,37,41,34,14,13,48,26,18,16,32,26,6,26,18,40,42,60,30,30,25,16,15,12,31,50,25,96,54,45,79,23,27,74,36,79,33,54,31,42,43,63,37,49,78,20,77,64,38,71
30,54,124,128,76,86,35,31,117,83,42,56,137,25,14,31,7,39,18,18,23,37,21,27,50,37,38,72,43,47,42,46,33,32,38,36,60,32,39,100,83,76,107,38,32,35,55,56,179,47,74,76,81,50,77,52,81,104,82,51,57,49,46,12,96,137,32,51,71,15,33,37,28,47,40,50,31,37,36,33,26,27,60,17,17,13,47,57,24,44,36,46,90,21,24,43,43,37,22,16,46,26,26,31,28,66,35,46,52,36,46,17,29,13,35,25,74,17,23,26,41,43,45,22,47,20,22,14,25,15,27,30,31,262,39,23,55,80,39,54,40,34,38,36,52,62,54,50,40,170,43,62,87,46,68
803,633,598,795,782,802,768,863,805,678,538,711,623,479,303,658,456,825,781,547,803,715,717,599,703,612,710,951,1019,688,653,625,751,637,759,870,910,767,499,718,859,665,536,765,697,616,779,674,954,521,757,862,698,377,717,640,752,639,560,973,725,728,692,715,719,828,743,720,846,587,938,704,789,622,832,726,556,658,626,783,400,551,905,613,524,594,674,830,590,738,836,550,672,464,557,493,570,654,650,410,638,764,532,589,877,747,671,628,754,776,686,710,553,553,479,739,393,387,556,443,725,455,467,571,556,509,521,510,467,446,625,645,907,583,749,791,720,777,753,686,873,683,941,729,763,686,872,929,715,680,550,743,907,770,947
144,164,160,127,167,71,117,180,152,162,151,22,306,23,27,134,21,220,113,136,90,99,106,108,26,207,103,89,44,96,88,97,157,150,99,209,85,125,120,90,115,74,115,90,156,75,77,89,142,84,143,159,167,0,144,64,147,179,152,220,125,141,116,101,133,149,121,223,98,69,139,41,74,50,73,170,157,25,56,109,56,89,108,79,41,32,126,105,0,108,103,90,100,43,92,87,77,73,97,49,51,81,55,130,97,19,23,98,214,41,39,64,41,88,18,70,55,48,76,66,153,47,65,50,75,43,51,10,25,72,73,111,86,196,124,83,252,173,137,153,144,142,187,136,102,84,117,153,92,195,138,86,89,183,182
100,71,39,50,75,112,76,54,91,66,63,102,56,49,60,53,57,79,47,52,70,54,66,77,40,68,23,132,88,62,86,38,95,120,39,124,124,122,49,104,86,83,44,128,61,66,96,76,51,90,93,79,88,42,49,97,72,63,44,121,113,54,54,93,60,170,59,50,57,51,73,69,53,56,66,71,21,65,38,58,58,90,76,79,42,28,71,122,75,131,106,85,77,39,74,59,107,72,71,45,84,55,38,55,122,52,81,56,46,64,65,88,41,61,66,65,43,24,37,25,21,43,31,42,83,70,49,41,63,50,60,84,117,65,52,61,141,44,102,57,63,97,72,72,59,103,96,103,85,72,77,80,111,114,74
123,120,96,97,168,132,102,106,101,69,74,103,83,17,56,105,76,128,116,81,96,103,101,75,79,62,118,128,140,98,104,79,102,104,118,123,111,63,77,67,126,61,111,69,100,98,100,103,121,57,101,160,80,34,132,108,112,88,112,128,101,112,96,110,132,113,98,72,131,81,150,81,98,79,100,68,93,126,61,55,53,77,122,41,56,92,52,113,85,141,108,73,169,44,104,75,73,104,86,51,104,90,67,83,87,95,79,96,93,78,95,80,26,50,55,105,89,35,99,54,94,74,64,82,50,76,103,56,63,45,83,78,130,115,117,104,91,122,114,122,115,94,135,106,132,114,99,72,117,113,77,139,115,100,105
89,67,62,71,131,63,79,148,94,75,107,137,74,23,37,43,71,86,67,75,77,60,35,73,48,15,92,85,128,65,78,108,65,80,91,115,105,48,79,84,112,84,84,45,58,103,108,53,120,30,111,49,58,41,78,98,83,65,67,117,117,111,70,60,61,124,50,88,91,41,89,34,70,97,63,43,62,32,85,65,56,39,60,71,39,63,48,73,67,72,67,45,66,74,62,87,76,69,49,35,78,74,45,82,45,41,137,61,89,29,43,57,36,67,61,35,39,46,48,23,40,66,42,53,46,60,55,52,80,53,48,69,153,135,59,72,206,85,108,142,95,60,99,102,57,93,130,55,53,77,79,64,86,55,79
273,45,63,109,135,149,78,43,139,92,42,74,36,20,12,87,2,41,69,58,48,47,138,9,63,61,24,96,111,53,155,81,74,114,52,98,151,37,97,46,96,28,78,63,83,51,88,46,92,35,92,65,82,24,114,110,57,110,36,63,91,103,42,49,110,140,9,30,100,28,115,106,52,35,81,72,24,69,68,36,8,100,47,36,17,47,19,57,13,69,101,76,75,37,16,98,50,172,57,35,8,62,23,56,45,44,15,120,80,9,66,32,67,32,52,16,24,64,11,16,47,14,26,70,4,49,43,24,18,26,12,38,158,39,135,47,122,138,113,67,131,128,180,139,58,138,138,79,70,93,29,57,69,164,128
93,13,87,32,70,53,15,82,43,17,19,76,25,5,10,27,12,39,47,23,28,57,21,34,37,19,88,51,36,22,31,18,39,57,36,75,86,18,30,68,42,12,11,53,47,42,16,63,43,14,70,26,26,4,48,55,96,44,14,74,34,52,39,70,88,30,25,19,21,29,14,33,30,21,40,72,12,39,24,19,5,32,38,37,31,37,28,21,66,107,98,50,40,16,66,24,20,21,22,3,33,26,26,17,63,55,42,23,71,25,24,15,10,9,8,14,20,6,17,14,28,24,38,26,24,10,20,15,16,14,19,38,17,41,52,115,49,52,111,43,34,65,33,40,41,57,39,58,38,27,17,57,61,57,182
1337,1318,1438,1198,1674,1434,1276,1621,1477,1538,1145,1247,1170,595,753,1000,812,1455,1341,1310,1138,1459,861,1165,871,1197,1872,1682,1049,1545,1499,1176,1176,1354,1350,1954,1612,1187,1317,1783,1176,1001,943,1655,1055,1050,1189,1369,1930,1520,1889,1171,1698,832,982,1122,1261,1666,1251,1785,1634,1578,1412,1698,1257,1733,1643,1320,1437,850,1451,1044,1167,952,1067,1109,1409,1297,1065,1176,1021,1159,1187,1043,649,947,1435,1379,878,1413,1341,1014,1253,796,1186,1123,1196,1110,1287,789,988,977,845,1268,1363,977,1090,1179,1548,1018,1056,1239,870,1070,848,1685,1111,567,1008,901,824,1124,1168,1135,961,1326,1579,561,1228,1152,884,1198,1867,1286,1505,1370,1635,1332,1598,1459,1023,1068,1166,1514,951,1341,1126,1514,1152,1302,1003,948,1133,1740,1286
369,126,122,224,267,289,190,206,254,169,120,184,138,90,42,187,92,121,138,150,175,113,233,128,174,172,86,153,187,217,205,167,181,172,108,199,264,131,152,118,179,97,181,179,225,163,217,137,157,166,197,145,173,84,169,206,149,227,116,167,156,171,162,173,199,279,110,122,176,104,263,226,159,133,191,209,138,153,167,103,77,193,143,121,78,132,187,186,104,246,265,168,180,115,90,193,144,292,162,92,86,143,102,166,138,135,102,219,155,71,203,107,165,106,113,158,158,147,89,132,146,96,97,128,97,175,148,87,73,119,96,132,265,138,250,121,302,226,207,193,264,279,261,258,133,208,224,230,146,199,129,158,171,296,213
136,74,41,107,129,102,97,99,132,82,98,89,97,37,59,75,58,88,104,56,89,84,75,68,55,65,66,87,115,91,59,103,113,106,128,114,81,78,51,76,89,62,77,99,94,60,73,115,154,86,89,106,72,27,88,79,99,149,99,98,49,102,143,73,77,112,103,59,110,82,80,72,109,122,154,111,95,107,122,84,32,81,86,41,67,60,61,96,83,112,97,54,79,44,62,47,48,119,58,44,58,40,74,65,71,168,66,112,75,73,61,70,74,59,39,70,45,40,68,39,94,69,78,60,84,48,32,41,39,48,94,54,186,85,113,100,90,63,129,64,150,92,91,59,61,63,86,74,151,93,60,118,111,123,128
197,51,153,86,158,85,36,127,109,74,74,132,83,5,43,52,38,100,181,72,94,85,72,78,80,65,145,114,79,55,78,65,88,102,59,137,120,61,51,126,111,59,53,123,98,154,100,121,96,71,143,50,61,24,86,114,135,114,83,149,92,146,111,107,136,85,90,56,121,69,82,103,63,46,83,141,86,90,65,64,14,84,82,104,61,79,116,53,101,197,144,115,136,49,92,68,69,100,107,25,67,78,96,88,177,117,75,85,125,61,75,69,46,43,34,49,28,28,44,52,69,42,69,64,57,50,59,32,43,32,91,81,78,96,104,177,175,122,181,102,100,183,76,63,71,121,98,131,69,91,44,132,93,124,258
2346,1524,1504,1483,2598,2327,1360,2131,2029,1798,1321,1409,2451,609,1178,1528,1364,1688,1614,1582,1825,1697,1441,1635,1380,1623,2001,1759,1933,2064,2078,1594,1833,1447,1707,2374,1805,1436,1563,1951,1749,1544,1404,1606,1662,1475,1987,1679,2558,1575,2395,1553,1709,1111,1860,1770,1840,1460,1308,2202,1959,1366,1611,1786,1773,2314,2067,1815,1858,1609,1856,1414,1728,1322,1618,1702,1583,1518,1360,1522,1043,1875,1650,1698,1228,1169,1648,1646,1240,1540,1670,1423,1787,1071,1263,1080,1746,1700,1582,953,1365,1475,1022,1694,2299,1084,1790,1509,2145,1732,1551,1753,1315,1323,1526,1771,1191,620,1404,1130,1331,1640,1281,1162,1357,2171,1690,1064,1275,1099,1311,1296,1983,1426,1712,1616,1940,1623,1765,1983,2251,1796,1713,1786,1359,1731,1779,2050,1173,2187,1317,1499,1712,2151,2128
166,238,146,60,142,36,93,133,155,178,169,191,70,59,50,37,75,101,37,104,77,105,63,45,23,78,132,106,92,158,116,143,96,90,147,106,125,31,49,114,75,89,94,146,50,21,107,79,212,65,118,152,72,144,71,67,71,97,96,182,99,111,71,47,101,216,79,234,14,37,195,51,15,30,47,32,132,72,42,133,121,143,41,65,37,13,48,117,136,40,79,37,74,21,51,72,131,45,25,40,75,104,24,119,69,29,54,87,124,51,77,83,118,56,43,46,36,55,91,36,48,23,76,59,49,85,64,112,28,32,17,34,73,99,190,14,142,163,71,91,147,69,213,78,87,99,20,107,86,34,135,101,105,123,83
3374,2344,2236,2594,3544,3391,2142,3106,3002,2775,1989,2233,3269,1553,1762,2446,2186,2729,2503,2321,2582,2719,2328,2411,2388,2518,2907,2611,2890,3026,3078,2405,2882,2328,2532,3371,2786,2409,2391,3002,2668,2467,2048,2431,2682,2351,3282,2694,3669,2457,3206,2502,2607,1848,2813,2539,2653,2263,2080,3064,2876,2292,2645,2679,2538,3169,3068,2773,3211,2442,2829,2377,2715,2070,2639,2311,2427,2443,2301,2459,1861,2965,2663,2543,1933,1830,2460,2530,1939,2559,2654,2194,2678,1832,2040,1911,2525,2512,2280,1817,2016,2332,1687,2509,3129,2010,2913,2223,2921,2651,2498,2691,2208,2190,2496,2763,1858,1368,2036,1925,2305,2419,2031,1924,2204,3161,2612,1918,2116,1874,2204,2079,2924,1982,2624,2485,2952,2498,2633,3067,3316,2835,2615,2730,2239,2436,2853,3046,1882,3070,2116,2340,2706,3261,2981
1670,1499,1591,1383,1791,1621,1505,1826,1693,1715,1294,1421,1311,711,882,1158,1009,1611,1610,1525,1340,1611,1154,1353,1115,1332,2122,1954,1325,1693,1646,1382,1359,1529,1464,2310,1922,1444,1479,1992,1367,1161,1072,1810,1204,1210,1430,1677,2064,1762,2034,1354,1884,995,1143,1276,1477,1788,1441,2068,1885,1761,1710,1899,1452,1939,1866,1488,1649,1048,1654,1301,1357,1217,1270,1301,1647,1490,1272,1369,1225,1444,1340,1271,911,1126,1665,1538,1021,1595,1566,1179,1561,934,1350,1299,1372,1347,1433,927,1186,1143,1078,1488,1616,1214,1345,1382,1717,1329,1310,1434,1001,1244,1095,1989,1272,665,1156,1114,988,1319,1416,1262,1082,1578,1780,684,1392,1270,1125,1425,2164,1423,1776,1602,1856,1563,1772,1687,1237,1230,1373,1692,1090,1509,1318,1683,1262,1622,1173,1119,1412,2021,1469
85,79,86,58,96,78,121,119,61,61,91,125,116,45,30,54,21,7,41,58,36,37,38,9,57,19,29,51,104,26,63,15,62,89,104,41,68,85,78,42,31,67,46,78,77,100,121,71,66,65,63,93,18,39,68,79,111,63,99,32,99,45,100,57,35,109,32,73,43,38,31,20,24,49,86,98,123,67,88,12,65,92,60,31,51,18,75,78,42,31,49,46,15,59,17,83,60,49,35,24,15,80,42,54,32,66,54,45,69,31,124,42,68,51,55,47,38,39,39,24,34,41,26,21,63,50,54,65,54,41,47,75,132,101,68,24,195,108,30,74,83,49,96,37,60,78,46,72,86,51,103,40,26,89,78
48,15,39,37,92,47,22,72,37,21,46,32,27,0,9,23,10,31,62,21,37,26,36,32,19,35,46,42,72,24,40,36,26,19,46,62,24,10,29,68,33,5,39,55,20,43,53,17,123,15,68,18,58,19,38,44,54,40,64,49,41,29,30,38,81,25,21,19,59,34,52,63,26,30,52,50,5,34,32,33,2,31,58,21,28,28,20,21,30,32,42,28,28,14,14,14,19,16,20,13,34,34,25,45,53,40,21,28,48,21,17,23,12,2,21,12,10,14,19,16,33,13,11,19,37,15,27,5,15,19,63,28,24,38,33,46,29,60,48,12,71,47,60,34,42,67,51,25,58,23,31,74,45,64,50
454,215,246,216,380,279,261,280,270,239,227,193,210,16,67,246,163,276,325,229,310,299,320,205,159,237,322,450,249,297,288,247,289,161,232,454,301,178,186,282,279,139,227,160,203,307,312,193,347,171,335,274,302,75,272,293,324,266,201,280,309,349,220,147,292,360,327,233,250,223,286,289,227,194,272,249,282,288,224,185,64,209,332,170,119,249,216,171,158,265,330,251,375,123,243,241,251,228,234,83,257,326,200,238,267,171,248,286,314,176,229,276,132,149,151,165,141,60,190,187,240,149,150,213,125,156,157,48,211,179,249,200,329,255,330,305,335,323,316,264,311,270,354,300,329,365,359,346,226,346,156,321,297,274,393
223,173,98,197,249,237,175,206,212,107,176,211,196,91,106,197,140,217,210,119,150,159,129,161,123,178,157,176,275,159,126,247,197,160,207,215,147,175,127,146,186,134,155,179,227,136,236,169,205,153,217,164,143,100,138,162,258,255,194,213,95,181,273,145,138,199,178,153,196,136,166,142,184,206,226,195,199,178,216,136,115,151,198,119,138,160,181,205,175,219,210,111,178,129,129,112,109,201,130,82,157,103,118,138,158,217,170,155,162,150,117,125,135,169,130,161,137,93,141,120,161,137,169,173,179,189,88,118,129,123,179,147,298,194,203,163,214,179,198,157,244,146,216,155,123,169,140,181,209,166,154,178,193,201,206
557,242,292,239,413,282,291,337,321,295,245,217,226,16,66,294,194,294,372,263,324,331,329,244,163,255,371,482,269,324,300,254,302,178,241,457,351,188,213,319,327,160,241,178,218,358,349,211,417,177,372,290,331,83,315,338,316,332,240,343,338,378,250,178,310,392,377,248,304,248,380,321,254,221,338,300,289,312,283,207,65,256,351,211,142,276,251,172,155,286,354,240,448,138,270,240,278,265,263,103,255,354,222,257,293,166,267,314,353,206,237,290,152,165,165,197,158,73,196,197,278,186,166,239,146,167,204,61,246,193,278,220,362,295,334,342,377,326,358,282,388,331,408,320,370,399,410,343,267,377,178,373,299,303,439
2048,1914,1680,1561,1804,1655,1699,1702,1865,1709,1306,1510,1339,526,964,1384,1069,1920,1433,1415,1434,1690,1423,1669,1024,1297,1659,1712,1486,1918,1713,1686,1263,1395,1630,1755,1647,1304,1157,1656,1453,1274,1224,1342,1471,1355,1814,1292,1892,1139,1555,1816,1674,1302,1406,1350,1498,1727,1511,2004,1803,1856,1487,1217,1525,2218,1922,1776,1498,1356,1965,1172,1351,1176,1327,1226,1267,1236,1673,1488,1147,1357,1436,1153,847,1451,1389,1510,1273,1670,1376,1221,1754,1227,1569,1274,1602,1435,1654,1054,1669,1663,891,1668,1454,1112,1505,1740,1486,1173,1640,1318,1147,1011,1056,1625,959,858,1204,1033,1296,1282,1185,1251,1278,1469,1464,881,1298,1119,1200,1374,1730,1722,1708,1198,2138,1752,1464,1728,1658,1577,1872,1490,1371,1368,1737,1810,1260,1502,1560,1200,1649,1908,1686
19,22,33,40,14,37,37,25,15,71,22,27,10,0,6,18,10,33,1,27,16,29,55,5,12,42,8,5,48,21,20,9,18,23,8,52,33,5,12,6,13,4,33,4,27,7,11,16,35,16,6,18,10,19,83,18,17,49,3,28,30,43,16,14,21,63,22,45,10,18,13,39,12,17,47,38,3,25,6,18,7,34,20,22,11,2,6,15,15,36,22,24,11,17,0,10,9,3,26,6,15,11,0,14,5,0,5,18,41,13,21,2,31,4,17,0,0,3,4,3,50,1,16,28,0,24,14,1,2,5,0,12,22,21,33,49,22,31,30,6,54,28,34,15,37,44,28,38,73,17,24,36,43,45,48
78,40,52,48,66,38,43,95,57,42,59,33,52,94,90,51,55,45,64,55,67,87,97,44,87,49,32,55,73,40,39,46,44,35,63,56,85,24,21,39,52,19,52,82,64,40,46,34,82,55,73,28,67,29,37,55,47,45,43,60,60,64,49,33,58,65,62,33,60,113,64,41,92,38,75,51,63,31,55,65,47,52,64,48,48,48,55,61,40,51,52,45,44,81,47,74,47,54,85,75,43,54,53,70,84,86,111,81,103,98,63,72,67,29,100,46,48,58,38,126,72,53,30,103,55,39,33,77,52,53,92,69,81,74,84,58,44,57,64,77,59,37,46,32,50,31,43,54,43,40,33,89,61,49,78
221,150,189,193,271,149,155,116,142,192,178,118,84,12,44,180,44,158,132,176,203,218,311,139,85,175,131,219,290,199,135,135,101,148,127,383,242,80,100,162,149,75,156,30,201,142,218,183,197,205,238,128,152,57,200,141,223,217,190,188,221,223,139,86,132,336,159,223,425,173,146,150,137,77,311,186,75,144,92,139,55,182,125,78,84,80,51,164,106,218,148,235,182,64,106,75,115,221,116,49,57,143,82,72,102,65,35,143,213,119,166,79,171,59,73,30,29,91,274,95,212,141,149,158,65,86,151,24,59,137,76,95,139,134,218,168,223,215,320,189,270,144,152,185,156,338,145,213,305,217,110,187,214,293,294
165,132,164,110,245,167,175,187,150,151,162,196,191,172,89,129,83,109,172,184,118,87,66,34,120,56,162,119,139,88,134,56,107,135,150,120,188,178,140,159,125,161,72,181,149,183,242,149,224,160,199,202,100,138,132,132,224,118,171,173,193,112,139,130,121,290,154,177,115,107,129,120,84,82,153,162,183,142,200,95,146,210,119,87,131,73,206,158,136,111,161,127,70,110,83,125,164,158,137,95,78,200,82,125,106,146,115,78,122,61,211,112,189,113,108,110,78,92,81,91,93,149,108,107,121,130,101,146,113,93,122,164,252,160,130,102,280,182,131,168,132,139,168,79,137,138,123,202,170,102,165,110,117,222,170
675,447,457,615,612,596,647,508,552,461,431,516,459,267,323,400,540,633,561,519,581,478,380,587,615,454,558,497,463,707,455,569,590,506,524,568,693,580,337,670,619,554,505,686,517,401,843,512,716,417,581,491,545,383,508,462,499,593,480,619,512,704,636,591,649,610,633,514,601,589,620,637,487,613,676,565,475,437,522,498,437,590,572,396,357,436,388,703,490,540,617,380,539,416,475,448,525,523,608,384,468,597,421,473,590,644,540,443,480,546,512,381,430,428,436,540,406,375,468,387,525,455,224,465,440,488,472,368,427,390,413,430,649,504,433,530,740,576,683,570,663,690,600,491,497,463,505,567,497,572,526,580,669,628,649
34,36,27,60,50,23,93,66,60,107,43,100,37,18,42,15,22,54,53,50,17,9,19,56,29,6,35,20,62,47,24,35,75,44,68,13,39,65,45,34,57,52,34,30,8,70,74,118,81,92,33,43,38,32,60,20,94,72,36,72,50,40,49,34,25,60,42,27,60,17,27,18,24,25,28,41,24,30,40,20,24,18,26,50,34,26,54,25,76,57,35,67,33,36,22,36,59,26,13,18,46,55,24,75,49,125,56,8,10,22,34,34,25,24,32,28,45,27,13,30,75,23,10,18,56,60,15,40,34,41,29,9,69,81,42,18,75,85,72,120,24,120,18,60,23,25,48,42,11,49,48,96,37,65,112
217,131,192,203,200,211,170,115,141,201,113,114,335,55,101,167,63,245,65,93,131,139,87,155,205,173,152,151,97,177,172,113,129,67,101,226,155,131,160,149,115,132,144,171,209,123,217,158,271,105,316,165,145,113,176,181,251,166,121,214,242,183,156,93,337,346,131,243,211,71,136,140,145,131,134,193,87,98,93,183,172,117,207,81,95,92,209,206,115,191,157,161,176,46,92,108,114,101,98,96,131,137,57,136,203,179,170,158,208,83,158,84,109,89,113,128,126,51,114,171,150,150,274,97,130,95,108,66,118,120,90,118,158,192,104,107,245,132,169,150,171,213,125,131,203,168,231,188,224,269,117,232,162,313,198
3787,2662,2554,2787,3745,3463,2432,3626,3295,3087,2238,2509,3516,1592,2000,2554,2313,3000,3215,2872,3178,3040,2570,2978,2633,2701,3566,3231,3384,3792,3186,2598,2896,2447,3038,4093,3337,2431,2283,3350,3140,2632,2613,2582,2918,2770,3581,3360,3934,3043,3860,2882,2982,1785,3163,2739,2838,2825,2749,3684,3609,2987,2806,3068,3094,4256,3746,3082,3718,2116,3360,2571,2797,1857,2681,2759,2915,2872,2027,2705,2063,3294,2955,2641,1860,2264,2921,2802,1856,2710,3102,2384,3154,1786,2535,2160,2448,3091,2707,1871,2382,2708,2161,2705,3454,2186,2912,2756,3348,2912,2933,3085,2261,2300,2670,3518,2391,1164,2450,2274,2327,3019,2763,2309,2313,3205,2833,1635,2644,2171,2538,2564,3468,2534,2969,2714,3702,2811,3367,3477,3494,2951,2650,3075,2529,3116,3140,3184,2391,3146,2538,2531,2835,3832,3532
150,90,84,86,133,111,70,121,68,80,52,91,47,17,39,67,45,68,27,74,74,109,64,80,59,10,55,88,88,46,102,96,45,148,96,119,128,85,68,17,61,79,59,80,100,66,58,47,81,24,79,88,91,74,100,100,71,91,108,106,124,132,62,32,112,119,147,106,81,62,97,36,81,50,26,60,43,25,64,55,40,13,59,51,30,60,26,69,147,104,61,61,87,55,108,60,102,96,58,83,94,90,46,83,147,38,81,89,123,67,59,60,55,61,46,42,34,39,46,27,52,80,47,36,41,53,60,50,43,71,49,44,50,84,119,57,85,111,74,66,76,104,160,137,119,40,59,81,88,93,59,30,78,141,93
817,512,506,599,915,675,479,615,593,598,465,544,383,180,298,606,239,503,493,657,531,537,688,555,443,537,514,630,691,757,547,393,440,472,415,850,768,399,348,556,605,311,538,369,633,482,734,513,701,660,687,429,544,235,590,610,619,617,440,597,631,780,573,391,531,1023,446,457,767,544,662,517,425,328,884,769,414,554,416,523,204,778,550,336,332,458,478,485,289,614,629,602,629,321,393,465,506,796,543,303,214,545,438,578,376,403,274,580,547,446,697,415,488,287,486,461,379,346,471,359,600,475,338,457,283,428,541,210,349,421,416,483,677,499,691,483,906,654,746,652,768,686,562,600,447,697,666,780,765,747,466,675,607,875,714
175.94,173.65,181.8,48.957,206.94,89.226,84.78,63.374,97.732,95.56,103.07,72.383,86.586,143.38,-23.995,2.5417,-10.725,89.687,48.894,84.023,62.334,86.351,74.161,155,142.49,85.724,17.224,169.31,237.01,100.23,-33.472,103.25,182.45,146.93,139.83,-2.3466,106.42,99.458,106.11,111.68,16.71,124.53,220.25,317.61,73.645,166.72,71.097,68.334,199.71,-0.31098,254,29.861,143.27,148.28,148.24,40.292,155.83,128.21,50.996,149.97,109.72,216.27,173.92,39.906,13.941,197.91,157.35,107.71,146.44,55.632,339.25,187.43,169.37,262.5,203.84,136.03,213.02,92.042,228.82,-139.61,-11.123,-42.105,188.16,42.65,298.36,232.09,-14.242,63.003,146.26,143.16,58.669,-8.1699,253.82,37.817,68.832,165.83,111.95,108.66,104.09,-14.121,132.39,102.45,-47.716,171.18,-46.674,146.3,-65.349,83.831,-7.8791,50.649,219.31,209.47,39.515,96.52,145.94,119.75,-1.9844,-10.752,85.669,68.378,37.459,142.69,171.78,31.429,67.509,142.06,147.97,222.51,162.7,16.162,-100.87,-36.301,204.97,267.36,231.74,138.44,268.95,87.883,98.218,144.38,127.82,86.319,128.57,137.13,218.84,88.897,176.26,322.76,227.11,100.26,112.93,197.59,249.9,48.498,56.385
210.86,-545.49,-169.2,-172.75,-350.53,-362.33,-54.165,30.216,-69.6,-8.9268,185.71,-265.1,5.8089,532.85,11.763,-160.03,91.784,92.936,90.218,83.197,-18.927,15.128,-109.42,227.65,128.73,428.31,17.855,160.86,-251.25,-322.9,507.85,108.67,94.482,-144.82,-188.83,-103.99,-324.11,207.98,102.01,-380.89,-15.708,142.19,21.943,63.891,-94.681,-107.48,-86.485,44.879,-379.24,643.31,21.471,214.17,-244.58,-356.04,129.38,416.72,-197.92,-47.712,-58.032,307.1,217.15,-179.89,69.745,7.5685,334.32,-107.46,337.74,62.425,387.12,419.26,276.7,195.18,517.28,599.15,798.86,202.41,-32.869,73.129,206.96,-302.43,147.37,42.524,271.49,15.412,-230.45,241.66,612.86,-144.04,217.22,65.761,-390.46,-230.11,752.87,-150.19,109.73,543.85,107.5,675.01,212.88,-242.9,207.06,-85.653,1066.3,213.53,146.9,575.8,528.4,-230.15,96.966,192.11,815.23,601.92,467.78,330.78,180.79,414.86,375.76,152.81,139.27,369.18,339.33,90.679,499.33,991.25,-2.2916,188.66,-44.276,-324.57,529.65,82.441,510.97,648.57,-81.917,-106.35,199.28,-128.8,86.765,174.99,98.753,482.47,-34.577,116.88,318.86,-308.21,335.96,64.454,-110.29,147.48,-11.006,-106.85,-201.28,371.02,33.411,83.745,189.82
139.89,80.825,236.96,99.162,275.54,7.7094,126.56,94.792,255.51,25.038,118.14,78.37,120.76,116.1,-97.863,11.4,4.7208,16.679,-104.49,74.369,187.79,97.903,25.203,-252.21,14.453,34.311,-94.2,124.3,226.96,-2.7276,70.574,14.493,-17.597,154.33,106.16,46.976,150.9,17.651,64.189,97.685,-4.9425,115.73,193.06,112.7,18.902,58.439,116.99,50.48,61.136,-58.85,276.56,-21.211,135.5,-39.553,151.26,-69.809,157.55,81.42,7.0889,6.7002,25.384,213.48,160.91,-33.366,9.6634,39.187,78.284,40.143,211.14,-146.51,319.75,-13.557,59.748,93.947,77.825,-74.235,83.035,98.433,242.9,-54.128,-109.61,2.4388,87.906,-35.924,21.185,12.194,-139.6,38.464,189.13,162.72,91.533,0.40708,244.37,49.135,170.6,118.14,-16.271,-128.04,13.621,12.929,66.233,73.945,-86.157,284.88,94.908,-88.85,-15.55,92.732,89.629,58.914,24.059,77.352,-119.83,15.386,97.469,28.505,55.208,73.19,12.049,39.973,73.422,45.379,143.42,-172.82,-124.75,101.82,-6.2079,313.09,-71.362,146.89,-78.113,116.71,-2.0073,82.357,252.35,77.723,117.39,47.79,223.01,-25.566,-0.73045,-1.0078,-177.22,97.512,271.9,62.921,-39.938,134.42,113.19,85.435,6.2421,138.9,251,20.614,112.85
-55.877,-101.29,83.068,-64.19,154.26,62.367,-219.12,134.09,486.46,-139.17,-65.767,-123.07,-144.98,748.77,344.66,160.39,308.8,238.84,9.9161,501.66,270.85,225.94,103.67,216.7,-39.977,412.88,96.713,35.108,160.01,240.87,716.33,97.224,45.236,-57.103,-198.7,122.24,-256.17,522.75,150.44,246.99,33.198,241.55,-10.549,192.47,-15.145,200.67,61.529,-49.797,-144.6,-145.32,217.37,45.986,36.991,16.705,84.81,156.47,34.084,140.22,80.232,362.9,160.26,61.983,39.157,-64.26,28.2,88.44,77.568,269.96,708.57,478.73,652.74,171.34,301.87,652.39,675.75,220.21,511.38,135.62,218.56,-78.296,148.64,7.2634,191.59,-52.951,667.31,354.66,409.1,173.33,-259.14,-41.193,-234.77,132.02,767.75,180.81,442.96,747.64,238.89,421.01,-11.27,218.77,-14.967,119.74,-331.9,450.64,89.099,426.16,199.9,-27.93,143.68,-28.957,722.01,281.66,78.348,-38.778,49.159,491.16,165.56,-81.383,133.68,274.14,497.59,252.67,133.93,1105.1,213.01,510.94,126.84,565.38,772.17,46.653,346.51,276.45,290.81,1.1089,-97.552,336.87,291.15,14.704,-201.46,206.03,173.04,-169.59,-58.351,-218.56,-130.15,59.016,91.708,666.62,-103.57,-29.533,-138.99,260.02,250.22,-85.752,196.15
-73.714,-272.14,138.14,-132.11,150.44,42.434,-396.25,287.34,959.25,-125.66,37.674,-238.44,-225.9,1192,695.92,176.25,566.14,405.87,91.965,984.22,316.52,558.25,335.66,482.17,120.9,742.16,-35.418,18.763,394.73,273.77,1206.9,198.85,66.863,-174.44,-228.72,95.818,-74.914,912.39,308.13,454.66,59.136,438.07,235.62,473.48,-1.2031,415.12,127.87,-49.06,-264.5,70.429,205.51,93.093,51.794,-41.451,151.43,375.27,-15.189,164.24,89.613,489.64,199.13,-42.035,118.93,-194.52,126.22,101.98,64.366,370.45,1159.7,906.25,1365.6,362.88,668.54,932.91,986.34,504.48,871.83,354.83,379.27,-25.228,385.32,194.07,290.43,-42.735,1043.7,496.18,737.13,368.65,-244.48,-24.038,-362.83,202.97,1752.6,315.67,789.33,1249,561.72,759.76,175.67,390.77,59.351,158.23,-373.57,692.99,84.279,768.74,415.8,-156.5,257.68,343.58,1465.7,287.74,225.72,62.998,-9.8485,872.32,377.28,-143.01,257.77,570.52,819.19,395.77,98.065,2043.7,438.89,875.61,280.9,876.03,1289.4,148.9,674.17,488.53,418.09,-197.05,-42.972,454.06,416.41,14.131,-72.327,576.74,425.74,6.722,-135.61,-474.49,-121.64,230.63,315.94,1000.4,-300.01,-63.648,-217.43,474.84,521.77,-94.06,457.36
169.12,-729.19,-234.98,-443.47,-477.61,-538.92,-128.73,-11.753,-42.325,86.02,461.68,-537.84,-66.249,1247.8,-58.406,-540.37,254.83,51.086,166.01,121.62,-249.19,96.735,437.11,624.33,432.88,26.414,-238.22,220.24,-146.94,-620.51,622.2,79.946,-44.516,-244.43,-214.09,-385.39,-262.55,309.75,87.849,-267.58,-53.673,384.97,280.21,265.36,-149.28,49.06,-119.77,99.889,-463.74,935.3,-34.308,376.01,-555.08,-559.94,406.79,912.15,-194.74,-68.29,-193.23,699.47,422.25,-383.78,-151.15,124.25,700.18,-3.4959,637.23,-0.4882,712.26,556.3,373.31,19.4,897.39,978.41,757.64,460.98,118.38,125.8,309.62,-639.6,261.46,-57.645,335.33,30.557,-909.6,502.68,1192.8,-367.67,328.22,20.49,-582.43,-445,1208.3,-48.555,198.89,1250.7,575.84,1099,505.89,-563.4,850.94,-69.671,1752.5,807.53,449.54,1172.2,937.99,-611.77,-20.176,83.613,1746.6,702.72,473.24,581.05,231.02,972.44,945.88,133.66,26.114,1163.4,1034.3,36.728,735.18,1686.4,-114.87,588.84,-139.05,-427.38,1255.6,44.321,608.06,1243.5,68.252,-392.8,516.84,-103.44,302,176.33,-4.6664,698.89,-98.357,307.36,490.89,-505.99,926.99,78.575,-332.97,354.87,-87.932,-208.47,-285.16,622.46,33.111,-121.6,269.05
221.87,379.3,375.81,88.596,348.96,203.35,199.67,117.42,102.27,129.26,168.39,114.72,164.25,302.23,362.25,35.296,-90.702,149.68,143.1,247.89,108.44,255.45,157.78,339.25,270.17,194.46,75.27,287.63,483.25,224.14,-72.027,278.92,281.21,265.41,236.09,44.945,234.83,197.19,187.85,235.83,52.669,269.82,464.52,631.66,124.02,342.96,113.4,113.48,400.74,105.72,536.23,55.287,316.54,316.41,284.88,70.29,304.21,238.77,105.65,348.61,251.42,420.26,353.54,106.68,155.94,406.87,302.48,191.93,237.57,47.792,622.96,338.36,348.65,490.71,454.11,269.8,458.1,246.1,437.72,-190.77,79.432,-24.296,311.77,86.237,635.53,468.85,-43.813,190.83,307.8,269.12,83.259,6.8483,596.51,22.073,211.21,271.34,202.96,197.02,205.79,-70.201,266.2,183.05,-40.815,359.83,-54.445,375.53,-93.157,244.11,141.39,122.41,545.16,312.21,102.24,157.25,298.26,267.07,3.3014,49.443,133.41,75.572,132.45,331.45,395.55,264.95,169.42,366.22,333.38,609.19,404.98,7.2591,-77.189,-128.97,401.58,537.09,476.06,229.86,583.82,138.26,202,263.26,288.61,174.25,167.72,274.97,492.63,206.91,338.38,605.9,320.06,259.11,225.33,346.47,432.25,78.766,177.39
40.134,45.014,198.35,49.887,249.85,69.227,366.53,-40.115,365.43,45.041,-31.859,-53.009,70.594,-154.82,-24.995,-28.557,78.494,-11.487,-167.58,235.58,67.659,-301.63,-238.15,84.154,89.852,233.22,-232.88,87.221,15.249,-81.423,34.149,20.022,-25.714,47.717,-100.47,121.15,-200.56,-362.51,89.688,92.521,-46.711,-283.46,-108.15,-226.28,206,48.502,-30.26,74.477,99.99,-326.94,-84.128,25.238,-70.27,83.141,-44.857,-296.86,1.15,64.791,3.841,49.876,76.762,241.98,257.55,70.485,268.9,-69.332,118.21,137.18,-446.69,-54.513,-288.04,24.148,-16.474,93.564,58.646,76.79,-226.66,-51.275,130.74,4.4913,222.85,-9.1679,12.629,-101.22,-111.29,-26.602,203.32,-216.64,46.393,97.473,0.14768,212.4,-308.98,26.774,61.077,-142.5,-89.31,-168.84,-16.223,78.851,-239.9,-27.872,82.602,182.27,-35.409,130.6,106.8,380.23,-252.08,-105.62,495.29,-295.17,131.76,-65.875,120.74,-38.867,90.488,-65.734,63.202,83.695,264.37,-68.308,282.31,-114.1,-34.919,47.613,157.13,515.72,-184.76,222.8,31.684,130.69,-102.77,112.43,132.89,29.41,176.57,230.33,118.99,278.28,77.617,-17.854,339.13,63.872,75.449,134.74,147.43,398.74,208.94,145.4,157.01,-31.293,166.81,99.284,155.3
69.384,59.331,63.176,-20.092,21.336,34.152,-174.25,69.512,233.28,37.627,72.173,-41.588,-24.784,308.3,276.58,65.75,149.05,99.998,92.427,182.81,47.052,48.11,83.342,241.81,36.198,191.6,6.9161,71.339,105.13,49.923,260.28,50.715,-32.655,54.164,-8.1325,100.99,50.908,144.41,63.655,172.79,33.35,142.54,154.35,203.96,-54.563,43.505,77.043,27.439,-22.057,138.12,159.11,78.732,31.712,142.77,74.166,83.582,22.125,22.551,17.002,133.44,33.453,-48.14,103.82,-6.9991,-58.332,42.378,23.788,73.427,262.55,227.83,254.7,84.857,179.35,294.66,292.62,124.64,188.87,158.57,188.15,16.945,163.91,153.07,73.092,-8.9819,331.82,110.65,154.41,20.946,-77.761,29.261,-0.63453,83.035,528.04,128.61,236.81,304.01,169.91,290.93,66.216,69.652,63.131,106.73,-63.551,95.22,62.424,195.55,133.84,2.7201,42.866,177.68,351.78,256.18,60.973,32.096,-27.126,261.58,40.516,-66.811,160.38,155.9,180.78,22.027,2.3224,415.77,185.73,303.68,43.313,308.2,379.04,55.799,196.36,116.34,137.26,-9.9932,23.546,83.046,175.24,-33.702,-51.999,182.25,183.52,67.376,2.8833,-10.349,-46.013,137.13,163.09,157.34,2.0558,6.0685,44.248,56.95,96.026,21.937,6.964
-69.859,-75.198,126.35,147.18,125.39,28.237,8.2542,4.2237,69.294,-1.5518,-23.923,-112.57,51.453,-97.364,-415.59,-19.414,-113.35,-5.6252,-97.089,81.502,66.05,-339.74,-10.427,-109.27,-135.64,-144.71,-25.037,41.502,25.833,32.51,215.01,22.405,55.329,-56.308,-9.422,-76.276,16.348,-192.44,111.42,-185.94,-12.065,-99.64,-215.09,-117,150.47,60.136,-17.835,40.506,30.404,-174.22,-213.56,39.212,-75.527,49.836,27.252,-95.841,134.74,-74.15,34.448,29.904,56.465,192.16,127.54,-10.151,-208.18,59.488,-86.317,14.845,-201.87,31.291,-271.49,-24.573,60.009,31.11,-64.883,-171.34,-8.3956,40.375,119.58,-250.64,-82.419,-9.1588,-144.55,3.3552,-244.9,-95.824,-274.19,-81.801,19.986,75.913,68.044,-75.551,121.23,-47.695,-17.277,4.7864,-56.494,-200.36,36.804,214.61,-294.43,-21.315,-505.05,-327.82,-149.89,10.705,-218.85,358.73,-69.737,-278.25,-241.64,-2.7021,47.691,-98.606,37,93.758,-200.5,-52.023,-102.53,-327.45,-105.63,-242.34,-583.03,-754.66,-73.318,-128.11,129.82,155.08,-306.62,-70.025,-272.84,94.255,98.203,-90.143,283.6,103.27,139.37,240.63,-109.45,-179.87,68.257,-17.211,351.31,335.28,157.07,171.69,-220.92,-7.7439,205.05,-8.1795,69.284,-72.81,103.77,159.66,35.894
-363.75,102.75,-28.893,212.92,285.55,-314.53,361.01,-121.17,450.93,-69.911,67.323,-262.05,160.92,-893.66,-823.54,-262.52,-165.37,-185.51,-208.4,-478.35,103.63,-533.05,-233.68,-719.46,-166.81,71.321,-128.07,40.526,-300.62,-262.59,-365.02,-183.33,-151.63,-317.04,-37.639,-193.01,79.64,-518.35,-93.124,-78.334,-63.857,-96.387,-522.42,-587.04,-165.74,-340,-62.075,-128.96,-168.03,59.287,-406.92,-31.116,-77.674,1.6469,-40.385,-494.04,-79.149,-147.06,-213.96,-10.444,-25.926,205.07,-308.82,-76.671,-719.37,-516.56,-329.87,-126.96,-629.92,-638.13,-337.68,-439.43,-404.05,-786.98,-234.25,-317.64,-293.23,-371.94,-688.8,-167.81,-468.46,-396.23,-153.88,24.364,-370.25,-682.85,-482.53,-364.42,-250.43,20.444,-178.7,-21.21,60.348,-395.24,-170.53,-322.48,-428.61,-13.993,245.51,-424.77,30.283,137.57,143.71,-855.1,-25.905,-25.018,-88.553,457.89,-81.154,3.3352,-463.33,-140.69,-519.3,-183.2,-163.72,-418.73,-236.09,-438.51,-125.66,-156.13,-790.89,-135.09,-179.05,-542.15,-176.76,-100.1,-169.06,-443.63,-495.66,4.4056,-379.01,-182.75,-135.58,-64.772,-103.68,-532.46,-7.2783,83.399,-169.49,-206.82,-27.092,104.04,192.29,339.55,-304.04,-78.48,-699.42,-1077.7,-197.59,252.44,69.351,117.65,-316.47,422.6,97.541
52.345,12.277,-43.34,22.673,9.4548,-10.017,19.377,-31.479,63.577,-20.198,48.201,-70.345,-2.1056,-66.917,-6.3953,-81.099,-23.904,-9.9563,-37.561,-108.95,-106.77,-75.311,2.6862,-88.431,-88.792,-114.28,-104.4,-17.209,53.126,-36.393,-23.815,-105.25,-59.853,-58.06,-20.659,6.8649,-66.716,-40.601,33.469,19.236,-11.695,-14.261,-26.917,-39.947,-23.001,120.45,-57.947,-30.437,10.264,-64.67,42.568,-16.2,-36.954,-61.327,41.272,8.8451,68.118,-6.6065,52.398,33.251,23.539,-13.35,-1.5916,-16.508,27.219,9.7495,-27.699,-85.757,5.5481,-192.47,22.883,-71.956,-68.617,-119.06,-217.45,-89.46,-154.88,-115.02,-87.798,-56.107,-22.532,-35.056,-24.405,-10.12,-78.184,-93.647,-106.72,-11.745,-130.04,-0.41026,-6.6524,-41.239,31.024,-44.334,40.578,-180.51,-12.307,-151.67,-62.385,-89.803,-56.085,17.558,-32.075,57.428,-101.18,-79.353,-103.44,-94.642,-24.633,-52.742,-154.4,-127.6,-41.442,25.337,-54.369,-80.542,-8.9676,-43.655,-38.986,-41.538,99.041,-57.837,-63.578,-297.72,-57.434,-67.934,-62.449,-82.994,-33.223,43.701,-21.412,-36.966,19.117,27.363,-26.715,8.9034,55.408,0.9142,-60.579,-5.4417,-56.882,-10.268,-6.8596,-33.446,-17.915,24.626,-98.94,73.869,16.224,-73.154,-5.5022,-55.81,13.134,-40.54,-14.901
-83.503,-219.56,418.68,158.52,-23.717,15.814,-206.98,-189.24,266.39,0.22332,-90.062,-373.29,-132.31,-722.68,-615.04,-327.55,-201.73,-201.14,-559.45,-102.75,-152.14,-892.83,-535.23,-51.429,-125.05,66.121,164.43,-52.941,-96.979,-594.13,-327.94,-107.87,-182.28,-320.94,-6.2981,-247.11,-72.511,-861.5,-72.339,-868.57,-113.66,-517.88,-687.08,-216.56,207.43,211.45,-248.12,15.676,93.219,-636.38,-374.35,119.24,-300.89,-201.02,31.967,-693.66,230.59,-88.746,94.922,268.38,12.651,397.53,-30.816,-92.391,-96.617,-303.96,-210.24,-338.73,-718.99,19.771,-474.27,-433.07,-313.98,293.04,-353.34,-372.45,-414.51,-354.75,54.583,-447.64,-492.53,-228.75,-394.26,-330.21,-331.01,-1.7621,-241.01,-437.65,-353.96,-102.09,-92.074,-276.98,-1015.1,93.831,-325.15,-395.86,-58.861,197.31,-66.515,75.226,-428.96,-215.63,-775.73,-651.35,-350.93,-345.01,5.8967,181.2,-500.34,-672.83,589.02,-31.589,-34.444,-317.34,-237.3,-42.524,-267.57,-194.25,-193.44,-166.92,118.03,-476.57,-890.97,-1409.7,-383.86,-151.27,-96.489,322.71,-1033.2,-248.42,-722.93,-296.65,147.57,-11.042,-119.98,-14.094,427.16,421.58,-421.85,30.592,309.55,231.76,1141.4,201.7,-511.21,37.078,-506.73,83.742,627.88,84.466,106.85,-210.55,-76.552,499.85,135
89.274,67.42,-10.777,38.329,94.904,25.997,90.915,-31.884,165.26,-45.145,121.13,-81.704,-3.467,-53.7,170.51,-121.91,-79.437,59.101,-49.482,-133.52,-165.41,-46.338,94.886,49.396,-132.14,-147.19,-180.23,-50.028,102.56,-19.816,85.703,-150.37,-87.077,-64.608,39.526,23.753,-68.429,12.891,72.376,55.93,-12.591,27.39,-80.307,74.413,-23.13,217.56,-70.073,-37.031,20.587,-4.6568,104.2,-4.026,-36.622,-115.6,68.905,26.245,143.55,-3.521,112.35,109.18,57.079,20.174,11.21,-14.711,-5.9392,44.605,10.768,-149.46,19.337,-181.35,252.01,-82.389,-54.725,-209.88,-254.38,1.4079,-194.86,-136.27,-115.38,7.9494,48.438,17.058,-11.498,-36.69,-87.256,-97.878,-176.69,6.933,-120.08,5.527,-17.92,-49.123,0.81444,-24.865,107.45,-205.58,47.276,-158.69,-84.245,-118.83,-48.27,36.462,-88.26,40.562,-202.64,-109.4,-106.3,-147.45,-45.742,-21.807,-253.82,-8.0194,-3.4098,48.624,-38.179,-91.793,-2.2101,-94.956,-40.12,-54.069,136.7,-46.925,-74.814,-364.71,-69.972,-28.326,-38.42,-84.271,-19.541,97.147,-23.636,-60.924,66.066,107.85,-60.758,67.083,125.52,44.37,-63.402,81.692,-55.687,-5.8556,35.831,-75.025,41.066,115.07,-134.97,218.93,21.603,-64.555,39.835,-6.2875,40.751,-52.942,-1.5102
107.88,-69.994,-27.725,6.243,-1.064,65.764,10.934,-15.459,21.697,31.443,-6.607,32.829,-58.895,-376.12,-417.74,14.727,-37.196,5.7922,-0.38803,-98.215,3.1725,-216.2,131.18,-84.611,-22.559,-120.42,-42.402,27.454,-96.522,-27.949,9.5131,6.5586,-37.103,-6.6117,-46.275,-60.639,209.71,-225.57,26.998,-47.345,-0.016346,-141.08,-130.88,-95.478,65.642,-117.61,-95.754,24.21,-51.641,-73.062,-114.23,56.321,-52.607,53.34,-19.867,-100.05,-1.6075,18.015,-43.228,-0.57527,-50.124,100.45,54.238,-9.9376,-171.96,-18.167,-67.558,84.326,-232.87,-241.51,-186.92,-27.459,73.06,39.824,-22.433,-38.371,-4.3449,21.864,28.662,-150.73,-10.032,-8.2112,-101.41,-2.2864,83.96,-59.478,-165.62,3.7625,69.389,1.8659,115.87,14.937,-249.92,-27.815,-186.93,91.223,-25.114,35.402,-17.056,-29.584,-303.13,-164.99,-85.044,-165.15,-55.266,-25.107,-11.527,192.64,-8.7526,-225.89,103.88,-114.31,-135.93,-103.84,-72.275,-179.33,-101.88,1.3754,-69.772,-240.08,-47.243,-151.22,-108.12,-444.1,-88.088,-19.689,-0.48484,12.181,-172.42,-35.127,-160.12,-202.77,-9.6427,-66.58,151.44,-20.419,9.1864,-65.193,75.264,-34.318,-42.011,-10.172,257.32,-27.116,-55.014,131.86,151.74,-146.77,-24.735,67.455,102,-40.707,-103.28,-53.744,-72.34
244.56,87.459,597.62,147.54,846.06,532.07,1215.4,-205.07,854.39,274.31,-70.548,-23.849,111.25,-463.72,261.05,-254.29,109.24,-253.48,-99.123,135.79,42.123,-629.77,-419.03,714.02,306.73,1369.8,-1144.5,285.34,206.54,-168.07,301.01,-73.523,16.646,148.15,-290.49,214.75,306.74,-421.95,255.81,426.23,115.34,-576.63,153.98,-229.32,297.4,330.7,-529.25,81.544,236.25,-934.35,-9.8616,-242.69,-158.7,374.8,95.519,-814.6,-206.93,248.47,-17.803,265.34,287.93,399.24,1046.6,106,367.7,411.04,224.11,424.24,-400.97,-340.16,-594.42,64.106,-60.336,35.439,468.19,544.05,-202.64,544.64,704.79,38.932,240.45,-302.29,32.615,-153.65,-451.12,395.2,346.38,-417.72,247.61,328.18,-67.573,551.73,-190.35,110.71,-254.27,8.2966,-96.095,-330.38,-58.142,-254.65,-445.12,400.79,94.981,566.7,-273.37,342.87,119.43,911.67,-750.55,0.57819,1447.5,-490.73,307.77,-37.536,194.17,351.24,480.16,-173.85,19.338,125.69,308.69,-26.591,729.88,56.317,-394.55,285.39,472.95,1416.3,-479.94,605.73,144.3,227.3,386.38,193.74,282.96,180.32,721.66,428.23,316.03,850.48,443.32,82.419,1081.1,438.51,275.24,471.78,402.73,1386.9,716.47,473.75,684.02,453.08,343.91,94.873,384.74
151.83,189.64,234.83,94.686,223.71,10.748,187.46,11.922,163.63,45.757,208.59,69.982,95.399,108.74,208.43,123.54,-88.921,97.192,44.948,49.696,174.62,35.401,130.25,129.9,89.596,-121.71,37.01,187.72,224.75,101.33,215.34,95.29,210.29,122.89,154.19,32.723,183.06,152.18,106.84,81.032,108.14,192.97,186.02,201.35,76.043,59.851,137.41,60.739,145.48,22.525,128.87,59.87,98.791,117.64,75.904,62.528,176.26,109.25,-14.299,149.72,36.617,238.42,55.269,33.327,190.4,244.75,67.651,-22.452,46.867,4.7839,362.32,45.223,68.831,219.13,395.66,200.72,-6.2242,115.39,208.6,-124.45,5.6951,65.452,142.83,36.551,327.66,136.56,-62.745,150.34,212.97,85.529,113.35,43.195,224.92,63.91,-15.801,200.27,-31.485,142.95,103.78,-28.007,-11.43,138.36,-258.07,200.92,-39.239,79.002,45.613,159.65,145.34,189.55,-29.58,159.35,133.17,-18.422,49.026,216.11,-74.977,106.2,134,-5.1533,121.18,229.04,161.92,92.292,68.832,309.7,160.31,369.56,217.5,110.64,-83.292,-68.007,231.1,230.66,242.1,174.88,307.42,102.51,112.03,151.54,151.51,94.611,231.65,172.71,280.62,173.91,100.81,288.67,142.41,113.47,79.935,206.24,294.36,36.998,82.972
121.76,46.765,121.45,57.757,185.06,99.4,166.2,77.218,177.01,20.883,116.22,146.61,89.492,-58.1,197.44,37.66,-159.43,11.495,-20.333,-43.965,32.659,232.58,29.484,207.6,15.511,207.39,-33.623,202.04,308.34,-8.5719,-45.561,50.275,188.54,135.75,76.202,175.81,-88.89,86.954,220.01,155.29,108.98,97.801,329.98,396.44,75.858,120.66,20.546,139.46,185.97,0.16526,383.64,61.786,81.243,115.26,199.31,85.518,249.16,193.39,41.134,236.78,217.28,216.37,183.05,86.265,279.65,205.65,17.706,16.933,54.686,-83.727,542.35,-25.698,70.26,318.41,213.52,218.15,114.77,172.53,130.76,-177.58,54.791,2.6642,195.27,-64.517,482.36,281.59,-53.571,198.27,104.56,176.56,189.91,171.25,331.43,97.484,65.985,-2.1618,-106.81,-28.261,41.545,-263.66,-35.61,238.4,-173.27,431.03,-208.92,273.82,-163.79,237.82,-15.717,113.39,-224.76,388.99,112.35,108.22,155.62,154.47,38.029,0.53577,-90.551,-142.66,229.59,168.3,271.91,-59.034,52.011,288.39,285.22,451.68,48.735,138.16,-73.94,-150.81,315.67,290.39,330.39,48.859,397.7,70.118,177.08,120.06,82.801,157.02,-51.96,184.09,274.19,109.71,100.21,259.47,247.17,78.178,128.24,268.88,239.07,25.941,268.92
-632.06,-579.08,-63.09,261.2,-427.18,-124.91,-115.1,-152.37,-374.95,54.844,-467.08,-775.59,-95.529,-1193.8,-1895.9,-418.37,-291.44,-516.57,-556.34,-335.95,-336.95,-1104.8,-872.64,-146.16,-772.08,-1038.2,191.41,12.018,-100.9,-629.15,-47.228,-419.49,-25.023,-317.17,-95.407,-341.63,-905.51,-959.03,-160.41,-795.09,-219.58,-783.67,-910.38,-312.71,251.92,-98.305,-277.15,-20.831,99.423,-1230.9,-1113.8,-7.436,-307.39,19.51,-86.503,-663.87,250.99,-296.88,-27.534,-233.18,-94.066,157.29,-241.89,-90.148,-829.26,-418.48,-340.65,-381.79,-786.18,-486.83,-1512.9,-672.2,-134.95,-350.07,-1273.3,-820.07,-76.859,-713.7,-214.04,-1632,-865.47,-324.88,-624.33,-268.43,-1304.1,-707.97,-1115.3,-322.25,-560.56,-244.19,44.975,-563.07,-1074.3,-288.8,-649.93,-269,-538.87,-1064.9,-418.02,164.7,-1364.8,-633.65,-2143.4,-1436.4,-871.2,-453.19,-907.7,148.28,-464.89,-834.34,-1732.4,-338.52,-164.07,-469.54,-83.781,172.76,-872.96,-333.3,-361.97,-1332.8,-245.94,-975.16,-2078.3,-3518.1,-479.73,-968.52,-0.059368,76.995,-1244.9,-757.42,-745.21,4.7521,179.31,-428.69,211.94,142.68,854.15,676.42,-577.43,-499.05,297.5,187.99,-93.051,1155.6,-126.52,494.96,-876.03,-45.616,605.46,-209.39,-69.985,-327.18,61.307,338.84,-199.81
112.22,-139.93,-70.741,17.668,-72.892,27.382,-29.89,-48.494,-128.4,28.874,-37.633,13.212,-113.47,-595.07,-693.97,-37.561,-73.284,-83.166,-37.192,-186.3,-64.739,-326.45,136.25,-171.58,-70.671,-304.64,-93.17,25.631,-143.83,-102.03,-18.324,-38.43,-57.732,4.5565,-60.327,-117.56,248.79,-349.74,23.89,-127.33,-53.047,-202.45,-200.65,-144.73,87.087,-271.48,-138.85,13.352,-116.06,-177.61,-155.11,50.292,-106.65,72.266,-27.313,-235.98,-3.7497,20.206,-69.361,-46.536,-91.02,126.52,-0.33865,-23.943,-256.79,-84.94,-133.83,132.16,-379.17,-367.99,-299.8,-111.28,121.75,11.391,-140.24,-140.96,-55.681,-99.588,-31.709,-320.26,-111.42,-51.737,-162.58,-25.535,66.268,-93.38,-282.39,-19.936,52.26,-54.261,106.53,-1.3711,-478.63,-68.457,-258.33,78.082,-107.43,-127.07,-24.038,-23.894,-482.57,-217.31,-171.26,-255.58,-91.783,-80.347,-107.57,197.84,-130.42,-373.34,69.416,-240.33,-209.38,-166,-167.14,-295.26,-153.87,-35.137,-106.27,-331.08,-93.888,-258.4,-293.47,-711.02,-77.119,-23.632,-19.321,-0.76375,-291.63,-124.75,-256.59,-341.29,31.993,-109.95,176.59,-19.971,11.339,-72.595,83.153,-69.303,-112.64,-12.556,350.63,-28.143,-132.82,118.45,242.8,-334.42,-35.371,61.394,95.394,-138.88,-181.05,-80.921,-109.99
464.51,-966.37,-156.93,-498.68,-144.67,-769.06,-82.473,-33.843,208.94,-143.45,344.43,-659.64,-253.08,1055.3,-546.42,-1042.5,11.159,-225.55,-162.78,-160.63,-341.86,457.95,705.01,554.95,364.56,533.51,-827.08,14.865,-521.41,-981.32,459.62,56.045,-120.8,-423.34,-508.34,-595.3,-206.02,607.44,162.65,-298.43,-39.649,93.499,146.1,-38.898,-70.128,399.63,-274.73,89.444,-1001.5,1464,-60.731,387.25,-630.12,-1160.3,659.01,983.97,-494.95,-162.97,-222.59,863.29,405.9,-560.81,32.839,130.63,1207.9,177.45,838.18,-229.38,1117.8,1304.5,738.05,-272.88,1142.4,1367.5,1044.2,379.44,-325.32,-98.997,-315.83,-20.597,106.51,-374.03,640.15,9.7078,-1102.8,1229.5,1622.4,-535.72,267.05,-151.66,-705.57,-715.45,1404.6,-320.08,403.77,2044.9,740.28,1571.4,525.97,-695.41,984.57,-329.51,1678.7,1377.3,551.25,1315.1,1026.7,-818.64,-110.72,-141.32,2916.9,955.22,474.8,766.31,-17.235,1395.2,1083.6,-250.36,191.64,946.27,1427.6,-211.45,1258.1,1352.7,-139.93,871.2,-560.25,-455.41,1849.2,643.89,464.41,1578.4,-106.88,-246.72,478.49,-281.53,329.67,45.086,-159.14,855.19,138.46,353.12,477.01,-1270.4,1110.2,25.852,-614.59,560.6,324.96,-112.2,-589.59,994.09,25.573,-117.46,340.82
177.99,206.65,481.76,256.71,554.87,83.701,355.66,102.54,557.02,128.75,271.69,164.69,222.4,260.05,165.69,125.44,-126.55,131.49,-83.094,206.35,351.91,219.27,139.98,-270.37,171.34,161.32,-156.62,282.55,421.78,3.4248,253.47,179.12,67.919,347.12,162.34,84.302,116.52,196.76,243.13,169.43,-26.211,298.9,395.55,284.73,143.07,114.98,307.23,147.4,227.38,20.484,547.65,104.95,293.53,150.72,317.7,-82.26,338.2,175.92,70.097,133.5,82.33,495.07,211.26,17.061,138.28,180.21,215.92,38.617,425.09,-232.83,654.31,190.22,156.72,220.01,200.39,-116.88,384,249.11,527.47,-4.1707,-43.859,3.8785,242.39,-1.7209,134.43,128.25,-241.45,84.275,378.8,367.66,154.58,108.29,420.86,271.81,292.52,537.06,19.322,-219.82,122.19,156.87,94.143,60.895,-227.88,566.86,156.5,-66.281,14.315,335.95,200.38,152.97,17.378,357.55,-137.31,50.536,222.67,154.81,85.807,174.76,154.38,54.466,238.79,237.37,300.46,163.57,-17.933,378.53,96.145,707.08,68.888,261.76,-58.647,160.52,56.77,277.29,536.94,-22.726,185.51,182.57,432.77,-14.45,62.36,30.243,-202.04,302.58,579.9,146.4,-18.186,156.69,175.32,230.33,13.318,319.73,459.81,20.149,261.74
-65.061,-77.921,-18.591,38.663,-142.1,-98.324,47.653,-28.303,-96.955,-33.684,30.295,-11.221,-12.006,32.978,-59.272,-37.577,32.259,71.98,-11.759,-47.874,47.023,-35.83,58.434,183.96,58.36,139.05,71.943,9.3896,20.311,-26.829,-37.701,17.547,-36.92,-24.743,-20.77,-59.707,-166.48,0.86171,55.345,1.6344,16.882,-43.337,-83.244,94.165,24.681,-138.12,-77.995,5.6527,-97.448,143.21,-11.179,10.349,-119.96,-42.104,-50.589,24.45,-77.068,54.44,14.913,8.1863,24.813,41.042,39.314,11.724,138.14,-32.023,-103.99,-65.165,66.424,-42.88,110.21,-83.807,54.641,194.01,-68.437,-20.632,29.096,-168.97,91.666,-89.072,-42.569,-1.553,-68.345,7.7456,-119.77,171.05,179.41,-35.205,-122.49,-22.2,-94.158,-95.464,-178.43,-120.68,27.445,241.84,-106.4,124.25,-60.687,-22.575,-51.751,-34.391,249.36,91.074,-162.17,-56.19,-42.918,23.275,-174.15,-80.631,-74.478,-22.522,46.243,50.961,98.777,52.378,111.4,-5.0723,45.477,27.52,134.69,50.634,31.395,136.77,-29.861,41.511,-59.982,-115.55,45.889,13.151,-72.298,96.327,-66.712,-14.867,-101.06,-159.31,62.09,-1.5542,-162.77,-37.401,-89.665,64.138,101.26,-99.508,-50.882,-10.993,-156.71,-17.081,-13.108,-125.18,-68.729,57.812,21.644,-132.77,-62.36
55.083,103.43,77.267,28.627,94.748,1.4612,87.197,-7.1435,83.797,67.06,1.7307,12.997,49.133,136.07,129.22,57.94,40.098,55.428,45.458,148.79,84.119,115.89,90.499,17.695,99.021,168.13,107.38,71.628,65.322,70.187,153.01,108.42,105.83,76.721,53.79,55.35,171.14,103.52,73.175,128.43,18.067,91.986,124.09,182.56,29.542,153.18,31.306,62.35,96.461,133.14,44.778,29.259,75.713,41.917,21.058,24.02,135.54,24.084,37.483,92.243,34.092,97.517,130.81,29.207,92.897,93.762,121,70.047,110.21,240.24,150.68,134.3,69.36,220.04,191.62,134.06,194.07,110.84,92.468,119.53,109.46,72.841,57.644,36.813,119.41,83.693,69.205,55.348,53.305,80.65,40.415,83.152,106.93,53.715,71.128,101.68,78.873,144.31,40.391,107.33,96.883,77.097,-59.885,85.805,60.94,105.71,-2.8008,75.896,82.649,94.959,34.443,89.365,36.44,63.36,61.478,59.628,14.935,60.323,58.655,3.7602,140.66,-3.8591,96.226,319.04,103.43,136.64,96.938,160.71,175.86,34.51,143.68,128.95,53.572,104.19,96.738,58.485,124.12,17.079,62.642,135.32,22.069,1.7006,49.264,47.458,108.99,46.662,4.3116,146.2,97.255,72.62,31.48,85.443,72.218,47.585,52.575
431.74,673.28,649.49,136.89,592.64,243.33,444.6,192.45,209.97,140.58,412.22,214.12,295.11,601.05,775.72,123.35,-177.91,249.14,206.71,353.67,122.72,514.25,184.4,608.34,421.1,355.28,-11.388,589.9,832.03,304.96,-115.15,444.15,530.83,476.77,379.14,75.165,345.08,288,366.06,342.44,230.64,536.45,781.53,993.15,180.53,453.21,209.73,161.91,599.69,145.31,807.18,66.978,464.06,578.36,533.6,182.54,535.15,468.6,203.34,625.8,457.42,604.72,629.16,175.13,227.43,681.31,402.45,307.48,273.39,106.14,1173.4,532.32,542.59,776.15,647.32,488.46,655.52,477.24,755.51,-459.69,58.716,-58.763,614.97,198.02,1091.4,827.94,-60.277,361.32,619.01,530.73,190.72,106.66,797.34,56.74,380.34,418.31,284.23,293.99,311.97,-187.45,407.95,373.84,-78.164,660.25,-220.11,641.82,-131.14,523.96,242.14,261.13,819.89,574.78,218.8,220.7,423.46,552.93,11.804,153.09,192.29,161.75,260.14,679.9,661.04,638.89,331.82,755.8,618.35,1062.4,819.57,150.94,-171.05,-125,731.77,898.11,780.67,293.25,982.05,261.75,348.68,503.21,564.49,423.35,366.64,513.23,891.98,446.42,477.94,1041.8,623.28,307.69,385.71,696.08,787.83,147.5,442.09
-6844.3,-1836.1,-4859.4,-1336.7,-2833.2,-4318.6,1199.2,-14303,-4895.5,-6456.3,-6201.3,-1892.6,-5573.5,885.31,2511.2,-5584.6,-8759.1,1369.1,-1018.2,-2179.5,-1030.2,-3379.4,740.31,53.427,-8635.6,2605.9,-4278.4,-6625.3,-5632.8,198.45,-879.57,-712.75,-6748.2,-6040.3,-2044.7,-890.08,-5290.3,3429.4,-10307,-1394.2,-4323.7,41.935,-7224,-287.35,-3252.6,632.69,1097.9,-9974.9,-5413.9,-3695.3,-1531.8,-9929.7,-5173.7,-2836.8,-7603,-2154.3,-3860.9,-7394.5,-6747.9,-12872,-4897.9,670.5,-297.54,-481.68,4316.8,-502.19,1181.6,-2418,1599.4,-6012.9,15046,-4108.5,-5841.5,-1242.3,3272.6,-11839,1977.4,-4505.6,3644.2,9507.2,1300.8,-7350.6,-9489.7,-2997.8,4282,4271.3,-4904.6,-2003.3,1912.4,-556,-600.62,-533.41,11909,-1457,-5178.2,10656,323.29,8585,-2307.1,3349.6,1614,-1284.3,10593,3682.9,1200.6,-7317.5,-915.45,340.61,782.82,-8559.2,5323.7,-659.95,-3330.5,-6860.5,-6855.2,-3695.9,-4369.3,378.52,-13949,-927.64,6789.3,-3811.5,-2867,16130,-3113.7,2798,-8072.7,-1129.2,-6527,-824.35,-9012.1,-6328.8,-5697.7,-12841,-10751,-16988,-19459,-23928,-10382,-20538,-11072,-11881,-6286.5,-11926,-14502,-13568,-15785,-5310.7,-9307,-5983.7,-5647.2,-5065.6,-15814,-16199,-9262.9
370.19,358.26,727.1,427.42,913.96,165.58,564.08,199.19,896.11,214.71,460.88,215.92,378.21,452.38,186.05,192.96,-150.84,233.01,-112.86,350.98,577.13,277.77,303.15,-308.75,303.93,137.84,-209.63,441.26,649.57,-11.386,449.51,254.34,219.27,566.94,220.97,155.24,209.76,441.07,420.77,242.25,0.64404,467.47,632.37,537.81,317.71,200.54,438.75,284.56,413.3,41.456,929.08,213.57,476.03,182.05,506.39,-86.814,611.35,307.64,133.07,305.96,154.09,830.06,313.76,21.024,217.71,342.3,362.19,50.399,725.4,-193.55,1195.3,327.93,313.9,369.48,508.03,-115.18,500.78,434.1,809.61,-10.246,-70.588,22.117,424.37,1.4056,388.45,247.43,-355.56,144.78,584.1,565.92,299,205.05,726.83,403.62,465.81,857.57,-59.051,-311.77,169.12,314.21,235.51,242.57,-301.53,939.2,298.17,-50.58,46.225,571.01,365.4,290.13,-16.372,561.31,-190.5,85.585,338.37,319.99,104.6,290.39,198.34,62.004,455.97,386.11,484.99,486.54,95.787,570.31,193.06,1124.3,146.72,431.6,-153.49,297.13,76.857,539.7,890.24,66.088,304.28,353.19,705.83,14.8,166.57,45.574,-334.3,431.11,874.22,220.57,19.924,239.16,262.87,450.85,64.839,456.98,778.18,60.258,365.65
-489.11,-5454.3,-2669,-4446.5,-3057,-2980.5,-3858.2,-1098.8,-1069.4,-3076.4,-1066.9,-1591.4,-3493.9,6732.4,3914.9,-2244.6,1438.2,-2326.8,840.8,427.51,-446.81,74.603,113.96,1970.3,-1901.1,2525.1,-1241.4,-713.03,-3839.9,-6956.2,1444.2,-1809.5,-925.39,-2784.8,-2433.1,-2503.2,-938.92,-93.401,-339.62,-3183.5,-2507.9,109.34,253.13,2248.5,-920.41,-1395.2,-1094.3,-2212.1,-4112.7,3593.8,1351.4,-862.71,-1657.3,-4667.7,-922.63,2264.7,-3536.3,-1432.3,-403.58,-345.15,-1388.8,-5084,-3779.1,-980.62,2783.8,-1233.9,1140.9,-3072.1,4149.3,5772.1,5358.1,895.69,353.67,3781,8909.5,1859.8,-1775.7,3756.2,1718.8,-4184.7,896.88,-3469.4,-1535.2,-2417.8,5.8649,-117.78,2803.6,-4397.9,1445.2,-1086.5,-4783.6,-3517.9,8417.3,986.83,-574.54,5350.2,1673.3,2002.6,-1061.5,-5143.5,1992.6,1338.8,9904,-1893.1,2192.4,2649,2444.1,-5241.7,-430.75,2328.9,9504.4,3589.6,396.95,144.1,-621.41,-135.33,832.02,-1902,-408.74,4388,2474.7,-2593.1,1732.1,6359.1,938.27,261.87,-3764.2,-1871.2,4118.1,95.223,993.85,4619.4,-83.703,-2809.2,-2094,530.61,-1204.5,-724.53,-1465.4,3230.2,-1040.8,-351.21,-691.38,-4367.4,-141.57,-3096.8,-1221.9,1233.5,-1592.5,-641.18,-4890.5,-675.2,928.94,-1376.8,788.51
-2.2408,-26.268,21.924,40.133,92.036,73.219,58.493,10.54,65.107,29.394,-14.562,-23.493,-8.8814,-119.85,-81.933,-54.043,-25.073,-44.856,-16.464,-18.81,34.813,-99.02,-2.6148,-42.091,-36.623,120.9,-46.797,4.6971,-16.2,-58.994,39.692,0.19954,36.033,36.815,12.681,-23.063,-58.439,-24.195,26.61,-20.291,11.467,-91.511,72.592,30.648,4.0226,-15.732,-50.121,22.887,-23.132,-13.464,13.049,-17.475,-9.7758,15.386,37.617,-77.77,-28.02,8.7743,-15.632,22.806,29.453,-23.516,106.14,9.5662,-41.441,14.81,-0.73819,-33.523,26.877,2.9482,-44.838,-33.12,41.255,20.263,79.249,26.09,8.2646,-27.7,64.127,1.1564,28.38,-12.185,-20.216,-11.304,5.4973,86.361,-60.853,-33.375,48.078,1.7898,-14.313,-22.561,-120.46,-31.576,-79.752,-40.369,-25.737,-77.55,-33.439,-14.229,-21.788,21.081,-101.04,28.232,-13.916,-1.0627,-8.6468,83.852,-11.81,-2.5704,47.919,-37.195,17.947,-36.443,-43.492,25.607,-7.0933,-22.335,-68.977,38.084,-31.029,-36.124,-160.95,-136.6,-17.295,42.456,48.974,-58.662,-86.573,18.095,-32.845,26.33,34.489,23.291,19.062,-37.788,66.64,67.951,24.244,55.458,17.808,37.091,140.58,104.7,61.71,48.675,58.048,84.781,97.308,39.551,54.878,3.8738,8.8496,31.613,76.664
218.09,336.39,154.89,21.541,-28.96,146.14,-14.575,49.958,187.97,107.99,362.89,81.352,140.75,568.35,829.62,279.55,-168.61,221.88,281.56,396.18,192.86,412.63,279.78,368.16,367.29,476.37,144.65,323.75,381.42,318.94,494,229.74,168.51,87.101,149.84,331.23,-59.434,300.46,153.9,568.85,65.232,269.93,479.04,725.13,2.6909,127.41,250.54,128.65,195.04,364.9,498.13,158.37,176.09,199.66,98.759,362.92,264.47,116.63,150.88,253.04,268.4,183.12,409.21,103.37,327.9,357.88,309.26,200.9,578.19,194.72,824.03,468.57,280.37,341.79,782.25,-31.585,547.89,357.78,196.28,715.57,485.89,68.965,314.01,53.78,593.72,528.19,418.56,231.9,207.38,227.42,303.26,293.72,751.93,389.44,474.24,529.03,275.79,299.3,198.77,164.54,367.85,293.15,565.26,545.53,297.62,389.82,163.98,249.14,439.88,479.66,798.36,241.66,120.96,111.34,484.1,609.38,376.54,-56.358,237.25,543.82,350.85,232.73,335.03,1086.3,230.77,553.83,542.89,594.2,807.76,99.389,404.34,283.84,430.88,127.03,201.6,86.222,468.82,-2.9613,152.45,288.45,309.69,99.453,-103.38,7.0675,334.81,361.33,112.19,446.39,213.79,99.562,225.78,351.3,54.174,183.57,-19.971
514.53,498.8,595.48,303.99,566.85,86.803,631.44,139.2,454.98,165.84,458.74,211.26,247.56,377.43,425.03,306.17,-160.85,274.34,57.223,184.66,476.12,343.74,365.07,412.23,465.14,-45.524,171.98,457.11,602.19,302.46,318.2,338.76,547.86,415.67,436.2,156.75,352.68,517.81,328.39,360.51,262.55,535.36,575.18,624.5,256.45,388.43,268.24,206.58,465.96,44.23,617.17,97.712,295.81,397.43,276.62,298.95,477.27,313.05,42.676,451.2,173.94,716.17,384.28,169.28,680.76,653.64,299.12,25.303,42.103,335.35,1124.1,256.13,230.85,724.99,1185.2,646.48,284.74,447.03,639.03,-304.02,136.22,171.36,396.67,162.47,1017.3,423.11,-79.782,463.66,596.68,279.52,295.48,163.11,694.78,401.49,77.279,515.81,-202.45,469.92,339.03,-107.99,185.92,425.14,-649.95,703.55,-142.65,412.86,51.05,541.92,422.64,396.66,-21.955,783.89,374.58,38.1,231.57,684.94,-179.72,196.52,366.2,47.192,379.79,592.95,540.88,524.19,151.69,865.9,357.1,1158.6,631.63,233.44,-301.02,-249.23,566.14,763.43,702.57,279.24,789.82,241.04,232.69,431.01,298.81,263.6,464.18,531,862.7,311.9,303.29,712.77,383.51,264.46,225.06,624.23,722.05,103.48,250.54
70.797,254.55,48.237,38.892,93,150.43,-45.556,127.4,-20.287,22.921,143.86,164.67,76.686,460.48,368.87,188.11,163.69,108.29,251.56,280.62,92.3,209.54,267.16,162.04,219.23,130.49,84.016,164.96,69.573,279.59,397.46,190.63,104.3,113.1,75.179,206.96,324.11,202.06,122.78,277.61,52.568,264.36,97.128,336.67,-106.91,63.534,79.065,40.916,-47.933,150.73,179.24,77.362,126.27,245.14,69.785,237.97,110.38,10.839,140.83,222.59,157.65,125.76,304.75,82.129,241.66,255.34,177.27,40.687,272.56,425.3,524.8,226.76,34.482,256.09,638.4,110.74,284.48,240.35,146.92,429.1,268.22,124.29,115.13,65.723,171.91,362.64,313.76,123.26,124.68,164.52,124.75,55.145,636.22,261.17,386.34,353.53,311.79,255.82,140.18,-63.055,274.99,152.54,476.31,427.12,110.94,252.29,154.93,96.325,269.18,192.78,537.38,-3.6672,96.478,80.536,9.8391,243.08,128.76,7.0056,145.24,379.95,442.33,92.017,223.81,610.85,180.32,143.54,-25.485,318.63,507.16,137.42,268.69,232.95,156.66,-12.077,176.26,109.46,63.898,-166.46,62.015,30.198,124.35,55.009,124.42,90.048,231.26,48.835,71.648,235.46,146.26,42.895,30.741,41.816,196.48,137.5,11.439
-741.09,-6201.6,-3398.1,-5382.6,-3876.9,-3707.5,-4756.1,-1709.8,-2114.2,-3892.4,-1762.9,-1958.8,-4324.4,5557.9,3901.5,-2641.3,1282.5,-3128.3,123.53,-4.2668,-956.92,-817.2,-1335.2,1555.4,-2671,1779.1,-1893.5,-895.16,-4854.6,-7773.2,507.6,-2787.6,-1478.6,-3431,-2770.7,-2973.4,-1750.6,-674.87,-913.58,-4068.8,-3127.9,248.45,38.462,1926,-1141.2,-2371,-1762,-2619.7,-4677.6,2476.5,840.41,-1284.4,-2083.9,-4740.4,-1296.1,1519.2,-3518.3,-1039,-508.3,-519.44,-1711,-4929,-4928.2,-1036.2,2409.3,-1965.2,697.72,-2870.7,3388.8,5247.7,3664.9,162.72,257.79,3933.1,7896.6,950.27,-2671.2,3145.1,1249.3,-5187.4,325.93,-3988.6,-1972.7,-2948.9,-395.89,-316.91,2637,-5137.7,1275.7,-1904.7,-5736.3,-4216.1,7905.2,572.95,-1341.3,4369.8,1097.4,801.12,-1368.8,-6396.7,902.46,890.04,8969.6,-2489.8,1285.5,2095.9,1762.4,-5651.1,-1589.7,1268,9064.3,2669.8,-87.846,-222.06,-1244.2,-740.93,982.48,-2615.1,-1051,3938.4,2759.8,-3332.6,230.07,5115.5,1282.4,-182.03,-5049.9,-1558.7,3235.7,-503.91,321.38,3671.3,-692.74,-3676.2,-2827.8,334.82,-1895.6,-880.28,-2047.4,2815.5,-1507.2,-606.33,-454.48,-5144.1,-1109.3,-3492.2,-1249.5,168.05,-1985.4,-816.02,-5717,-1246.4,804.59,-1755.7,441.98
10.257,11.63,67.042,54.341,107.04,34.773,90.82,-29.655,73.696,51.683,2.6992,-1.4113,-2.8144,0.17884,65.62,-9.425,-27.239,10.952,7.4731,-7.8759,93.638,3.3597,33.171,17.638,-18.615,-24.081,-69.158,4.6426,96.281,39.632,59.922,26.561,66.279,13.528,8.4104,-28.538,114.52,124.55,49.883,22.674,17.299,67.945,14.684,27.765,-16.375,98.16,95.606,-10.861,44.24,42.002,19.812,36.722,81.345,20.536,12.525,2.0929,42.02,43.566,15.378,70.845,9.5467,130.53,1.8077,13.308,36.708,71.829,42.189,-10.671,52.328,-28.166,105.29,-41.003,1.6863,3.7388,53.685,75.229,-74.439,76.764,-23.901,-20.629,-12.658,49.942,67.5,-12.68,62.204,47.313,-69.609,2.4084,45.103,35.442,12.765,35.744,4.3259,-9.4193,-44.781,70.44,-64.099,-17.917,-55.614,-48.68,-2.7916,49.286,-61.795,-58.799,32.339,39.396,-22.617,73.108,108.62,-7.4894,-8.0595,19.516,-28.844,-9.9035,47.583,-21.846,-7.6525,62.097,-7.3463,-26.592,81.469,-1.3627,61.483,142.04,-72.512,1.2098,45.168,29.113,-7.9035,58.532,-6.4829,-64.389,87.679,51.001,108.53,83.412,-71.283,20.788,64.979,29.615,23.052,-61.825,-16.99,39.365,45.713,-54.29,64.606,106.49,33.063,48.935,-26.781,61.37,90.729,-17.085,42.184
10.257,11.63,67.042,54.34,107.04,34.773,90.82,-29.655,73.696,51.683,2.6992,-1.4113,-2.8144,0.17884,65.62,-9.425,-27.239,10.952,7.4731,-7.8759,93.638,3.3597,33.171,17.638,-18.615,-24.081,-69.158,4.6426,96.281,39.632,59.922,26.561,66.279,13.528,8.4104,-28.538,114.52,124.55,49.883,22.674,17.299,67.944,14.684,27.765,-16.375,98.16,95.606,-10.861,44.24,42.002,19.812,36.722,81.345,20.536,12.525,2.0928,42.02,43.566,15.378,70.845,9.5467,130.53,1.8077,13.308,36.708,71.829,42.189,-10.671,52.328,-28.166,105.29,-41.003,1.6863,3.7388,53.685,75.229,-74.439,76.764,-23.901,-20.629,-12.658,49.942,67.5,-12.68,62.204,47.313,-69.609,2.4084,45.103,35.442,12.765,35.744,4.3259,-9.4193,-44.781,70.44,-64.099,-17.917,-55.614,-48.681,-2.7916,49.286,-61.795,-58.799,32.339,39.396,-22.617,73.108,108.62,-7.4894,-8.0595,19.516,-28.844,-9.9036,47.583,-21.846,-7.6525,62.097,-7.3463,-26.592,81.469,-1.3627,61.483,142.04,-72.512,1.2098,45.168,29.113,-7.9035,58.532,-6.4829,-64.389,87.679,51.001,108.53,83.412,-71.283,20.788,64.979,29.615,23.052,-61.825,-16.99,39.365,45.713,-54.29,64.606,106.49,33.063,48.935,-26.781,61.37,90.729,-17.085,42.184
-502.61,-1836.2,-99.228,-569.92,-741.48,-278.85,-2202.9,-413.79,-1076,-225.25,-1081.4,-1008.1,-721.11,-3620.9,-3903.4,-1505.3,-545.46,-1368.3,-1718.9,-458,-842.93,-2810.8,-2617.2,-1136.8,-1704.7,-1762.4,-626.03,-803.65,-1464,-2324.7,-1000.6,-1382.2,-917.62,-553.26,-652.84,-1042,-1158.2,-2967.3,-813.16,-3221.1,-562.03,-1673.7,-1690.4,-809.02,197.08,-1565,-1220.7,-350.53,-650.73,-2673.8,-1292.7,-331.82,-1116.4,-585.44,-818.04,-2072.8,-961.42,49.074,-21.89,-100.99,-756.45,558.29,-720.5,-500.23,-1176.5,-1240.8,-1392.3,-1060.2,-2082.8,-372.65,-2424.4,-1835.6,-516.25,492.95,-2786.8,-1290.9,-1701.4,-1798.7,-827.81,-3349.6,-2129.1,-733.03,-801.14,-1095.6,-1750.7,-410.1,-1659.9,-1382,-581.72,-1040.1,-1064.9,-1175.6,-3752.7,-495.58,-1761.5,-2682.7,-869.24,-1420.6,-630.04,-303.68,-3248.1,-1284,-4175.6,-1324,-1629.6,-1363.9,-1255.5,-52.563,-2702.6,-2863.4,-1594.6,-1508.2,-1004.4,-1162,-1382.3,-787.47,-816.43,-1197.5,-1273.8,-2352.9,-468.07,-1627.5,-4040.7,-6700.6,-406.92,-919.59,-774.51,-887.32,-3626.7,-2193.3,-2748.2,-2190.7,16.971,-844.46,-1140.6,111.81,965.74,1053.6,-1008.2,-413.21,372.8,322.86,1661.8,144.55,-1302.5,288.78,-272.46,-678.02,808.14,-339.42,-51.423,-1314.6,-899.06,1026.2,576.21
452.52,650.04,294.25,108.73,-48.08,298.16,55.796,1.1168,247.37,213.99,781.13,166.18,271.47,1083.2,1705.4,621,-90.294,477.25,391.66,721.35,560.59,721.48,392.73,767.17,704.09,830.92,217.39,604.07,605.76,683.88,1021.4,340.66,265.5,270.46,389.2,518.88,2.6999,526.02,187.69,914.85,176.76,590.57,794.28,1381.4,97.953,337.31,485.94,235.74,381.03,823.38,829.3,249.73,366.73,508.59,190.1,692.32,436.55,129.26,264.06,568.15,385.32,136.48,623.29,196.01,597.92,701.71,612.21,437.14,1001.5,380.01,1669.4,801.4,549.08,718.77,1386.7,331.03,1141.9,704.22,400.93,1133.5,868.92,304.79,506.91,196.3,1083.4,729.95,758.39,493.58,208.26,475.57,698.41,435.21,1548.9,728.95,832.63,1088.6,581.37,580.28,479.95,344.97,767.71,472.2,1203.1,833.01,563.38,598.97,437.25,455.66,713.95,891.42,1624.1,349.37,315.63,300.45,823.67,1101.6,568.3,-17.444,541.54,1034.4,514.76,577.34,840.55,2109.6,541.97,871.05,986.12,1241.2,1298.3,66.259,840.05,514.64,794.75,272.27,480.26,229.32,950.96,115.96,267.91,541.81,575.88,123.58,178.56,112.94,713.52,574.03,316.15,1002.6,401.77,230.17,416.98,582.27,201.73,226.97,-113.15
-58.019,442.39,19.794,-13.323,105.61,303.6,-107.35,104.53,201.42,52.764,331.76,277.3,171.52,1213.9,699.47,138.57,173.94,265.63,434.49,696.08,38.209,532.7,598.27,465.55,459.68,317.74,256.6,319.4,-53.852,509.54,212.38,286.38,340.16,270.48,230.46,318.88,460.48,282.45,5.323,787.64,-0.41903,382.4,-154.84,864.11,87.748,272.13,129.94,68.564,222.85,86.971,92.488,182.43,186.06,275.86,64.665,525.48,154.3,3.2977,176.21,597.63,304.4,222.63,674.13,68.429,699.53,437.84,506.69,42.288,910.12,934.14,854.24,425.88,317.5,266.46,896.89,302.75,471.73,329.03,506.63,501.5,354.9,150.36,284.12,51.162,176.92,762.23,683.64,172.94,241.55,175.72,360.88,222.12,797.98,499.6,881.91,774.93,721.96,274.51,270.84,13.78,557.83,424.54,772.96,923.35,257.63,404.38,258.89,248.67,387.25,318.01,1094.3,-66.934,155.08,170.7,-7.4667,526.81,232.01,-56.584,252.69,657.97,749.79,145.59,447.35,1099.1,526.81,398.02,156.95,21.672,1006.7,196.64,566.39,233.93,414.3,-6.8902,438,340.91,329.34,-219.99,-108.89,-5.1927,310.59,-96.691,250.66,440.14,649.31,161.14,-85.156,144.16,418.24,280.68,116.42,213.03,191.8,81.66,222.62
126.96,84.244,148.72,231.66,214.72,68.554,406.59,62.622,281.77,209.31,159.14,142.3,22.715,552.17,303.57,40.717,-64.237,254.15,67.306,163.78,304.79,87.12,277.46,308.29,267.98,671.49,254.44,221.76,363.91,337.59,548.26,194.1,231.69,99.17,109.01,16.927,448.28,371.43,188.03,493.76,60.879,209.63,234.31,452.03,55.706,383.2,198.41,48.993,229.04,220.74,213.52,17.159,182.6,170.76,129.52,-68.747,335.4,144.89,1.1717,249.29,213.73,272.92,369.99,90.953,217.7,398.34,202.38,189.47,451.46,158.26,453.41,346.78,64.434,374.79,351.11,457.31,163.51,238.52,450.59,663.77,392.2,211.56,151.42,104.68,616.96,271.15,117.53,258.77,267.59,166.71,232.41,202.77,369.09,270.8,54.218,513.65,42.496,323.77,201.13,-133.62,290.65,315.63,-431.27,116.84,232.74,83.762,-90.896,450.57,261.5,206.01,257.36,453.59,129.3,79.229,224.22,149.44,24.046,76.166,179.81,44.317,316.89,247.35,378.91,448.31,15.908,368.86,448.19,528.32,330.89,310.06,110.55,279.68,201.44,354.48,253.78,249.37,415.36,215.7,242.92,365.08,-4.5049,14.724,135.02,286.81,180.91,237.04,283.86,543.82,416.88,140.44,67.171,97.485,361.83,79.218,197.2
-296.19,-248.54,-322,-45.483,-285.98,-172.36,-328.67,-98.688,-451.14,-59.616,-189.79,-255.67,-146.86,-759.65,-925.36,-119.02,-103.86,-280.12,-361.95,-216.18,-253.16,-519.07,-248.88,-76.472,-303.3,-732.74,-114,-2.0102,-252.49,-348.31,-207.48,-224.94,27.426,-250.29,-82.366,-232.54,-453.05,-483.03,-120.1,-602.27,-137.77,-411.72,-328.49,-55.519,44.793,-427.32,-166.3,-53.03,-22.937,-521.5,-402.12,-38.028,-225.87,-33.546,-181.84,-353.96,-8.1345,-77.586,107.79,-100.76,-123.18,18.697,-332.03,-36.959,-498.93,-425.42,-291.53,-127.59,-520.64,-739.89,-566.57,-448.28,-37.124,-277.35,-947.86,-332.13,-420.75,-441.61,-372.12,-908.72,-402.6,-164.79,-239.24,-140.25,-663.53,-366.54,-455.48,-185.41,-273.63,-211.57,-9.7784,-262.96,-960.67,-81.2,-270.46,-664.96,-357.75,-624.15,-189.39,-48.918,-625.89,-324.04,-915.07,-539.04,-419.41,-279.93,-420.71,-62.405,-382.45,-506.58,-890.33,-320.69,-309.38,-210.41,-305.13,-205.9,-391.68,-179.44,-211.39,-556.02,-191.33,-436.79,-769.09,-1431.9,-143.96,-475.13,-71.712,219.91,-483.4,-426.26,-461.42,-279.96,-57.051,-160.13,212.21,111.05,-15.319,264.27,-186.86,-172.97,163.64,53.953,2.9144,387.89,-212.31,113.1,-384.44,-357.72,139.16,-79.904,-60.976,-274.07,-143.77,293.83,-94.588
1332.9,747.25,2364.3,1681.4,2734.8,80.556,1352.2,475.18,3423.3,45.518,1800.9,639.53,841.54,2022.8,1232.3,-39.279,-1492,580.5,-1069.5,437.45,452.81,216.82,1133.6,47.319,1065,947.8,-1171.9,1595.5,3386.8,-1326.6,871.64,266.75,1257.3,2141.1,203.89,335.53,-1520.4,915.7,1874.9,-281.76,559.54,1145.6,2865.9,2757.4,826.49,1261.2,894.09,867.48,1884.3,-377.99,3872.3,662.45,1249.1,71.4,2229.9,435.48,1972.8,1175.7,912.51,2193,1622.9,2954.1,1778.8,-23.365,2274.4,2089.1,911.07,-840.76,2293.9,-378.83,5960.5,736.11,567.71,2797.3,1463.9,-130.45,307.92,552.32,2189.4,-718.28,176.19,-1075.2,1761.5,-390.76,3208.6,2401.1,-2012.5,899.74,1459.5,2474.2,1432.2,635.58,3155.5,1469.3,1784.8,3394.6,-2119.7,-1920.8,452.63,-1297.5,-166.62,1822.2,-900.74,3591.2,-952.85,229.15,-896.17,2582.9,382.52,1445.2,-1671.1,1998,-325.02,242.86,1225.8,2109.2,944.17,295.65,-281.59,-914.55,3030.9,1881.8,2471.8,1054.9,60.8,1665.5,1316.4,5993.1,517.2,2145.8,-1037,-32.804,1253.5,3542,2671.8,-1393.9,2472.8,2208.2,2673.8,798.21,541.45,888.91,-1073.3,1484.4,3666.6,1554.2,-660.77,1273.3,921.44,1788.5,782.52,2003.1,2699,-477.84,2152.3
499.08,411.14,428.51,135.03,170.68,259.83,205.59,159.52,563.95,315.21,459.17,59.261,121.12,963.38,1591.8,491.19,416.84,456.22,475.61,437.68,528.51,728.88,523.41,713.38,498.86,910.86,209.86,428.79,605.68,658.86,875.13,279.75,210.86,219.31,356.59,302.6,362.25,342.47,128.67,863.03,91.648,469.48,613.16,1012.7,-134.6,336.57,304.21,224.13,525.77,882.97,692.12,208.12,274.17,431.57,232.29,716.59,321.47,41.878,159.23,371.26,233.07,-25.343,543.74,45.804,108.47,532.13,412.51,375.36,816.84,735.06,1253.2,698.14,538.07,510.62,1015.3,693.61,876.33,760.16,346.44,699.86,695.64,479,417.69,231.62,866.51,439.73,635.62,388.66,287.43,241.38,552.41,286.35,1392.6,587.49,695.88,861.87,680.8,436.64,392.49,517.22,567.4,299.11,766.03,214.59,346.31,397.73,349.9,275.82,712.7,806.89,1267.1,286.59,377.75,246.57,311.61,798.56,399.18,108.8,641.93,463.55,330.8,472.25,436.89,1730.2,447.2,795.59,783.15,944.87,1049.5,117.38,814.02,595.96,331.9,254.72,466.21,438.42,919.97,362.47,310.08,475.04,397.09,124.57,395.05,82.007,152.46,468.9,305.75,927.53,206.98,239.97,368.92,258.51,349.33,363.89,-19.986
35.284,107.52,21.505,-26.916,-6.5832,43.213,-83.346,72.109,0.45284,-35.031,88.148,67.895,67.951,285.6,201.25,105.7,-116.41,13.896,137.78,60.601,-24.197,184.16,5.4727,123.95,111.08,122.92,103.49,122.26,107.34,13.183,118.21,88.663,58.53,-12.56,30.695,111.89,-127.52,163.87,73.406,216.81,36.343,154.85,56.181,304.31,20.781,111.62,24.05,58.684,45.351,147.2,308.14,86.707,63.129,126.96,32.65,151.73,101.53,52.946,46.898,149.37,31.521,105.95,170.02,36.988,52.596,99.917,164.27,62.922,193.06,150.98,239.09,154.87,160.34,90.988,369.25,5.6024,164.38,78.769,49.794,218.05,171.27,10.571,59.889,15.472,240.8,210.79,162.99,11.789,166.99,138.87,70.606,74.587,101.07,154.86,158.44,161.92,73.469,79.144,149.51,75.113,198.05,124.38,205.99,343.28,122.3,170.14,85.75,35.262,198.47,145.66,359.52,94.007,67.577,24.265,190.14,230.17,166.86,-9.63,102.44,169.65,203.84,69.605,148.68,458.18,145.65,190.14,28.961,328.57,298.29,38.27,127.63,54.788,83.464,-27.81,85.771,-43.566,163.33,74.909,108.54,174.31,79.263,35.907,-23.351,-9.4486,93.602,65.632,41,150.71,92.87,2.2698,40.394,139.64,78.875,6.1833,143.5
-402.21,-311.85,-402.89,-77.051,-342.24,-220.81,-454.85,-150.22,-594.53,-75.985,-260.9,-316.61,-203.64,-961.89,-1178.8,-188.14,-125.16,-365.32,-423.03,-309.27,-350.85,-655.29,-361.82,-99.232,-414.1,-958.66,-127.4,17.009,-309.05,-465.27,-290.33,-338.54,6.0525,-292.63,-96.744,-322.74,-630.72,-602.42,-154.36,-770.7,-170.75,-507.95,-446.7,-115.71,26.638,-585.15,-256.15,-94.588,-45.371,-661.21,-493.16,-66.785,-278.49,-46.569,-219.81,-456.11,-12.919,-96.273,130.42,-104.56,-130.26,-21.638,-475.6,-47.476,-625.35,-562.13,-401.33,-177.59,-642.41,-931.4,-767.77,-609.26,-115.9,-314.67,-1221.7,-442.51,-551.26,-577.5,-497.89,-1157.7,-542.2,-252.86,-309.17,-184.28,-836.88,-471.75,-597.28,-271.49,-340.14,-294.6,-49.866,-344.73,-1240,-110.45,-353.1,-900.37,-440.42,-828.14,-256.5,-88.923,-795.16,-418.02,-1182.3,-703.52,-535.56,-368.07,-508.69,2.1267,-479.84,-639.6,-1073.7,-413.76,-336.33,-279.08,-410.51,-226.95,-502.78,-222.3,-258.1,-644.89,-236.49,-575.05,-975.86,-1810.3,-213.35,-585.42,-119.83,219.95,-633.61,-569.66,-588.24,-346.12,-120.03,-163.53,186.04,116.08,73.723,319.26,-280.6,-230.41,183.11,81.993,57.271,425.71,-219.19,127.75,-496.84,-463.56,178.29,-123.17,-68.495,-303.1,-197.67,355.26,-123.61
-87.857,-54.993,-69.833,0.79094,47.885,-112.91,-7.4615,-21.515,-135.6,-125.82,-154.64,-30.423,22.862,57.035,-63.053,-55.699,84.538,9.858,51.107,-200.15,56.168,-5.8128,7.4952,119.31,-12.107,65.822,-47.338,-56.456,39.925,-77.758,-21.48,34.386,-50.062,-55.39,-30.573,-36.019,-54.506,-89.38,46.298,18.143,20.747,22.381,23.8,-28.309,-34.233,-264.93,-100.98,-15.832,-75.713,145.19,-94.196,-1.6924,-119.04,-77.87,56.89,-13.717,-40.793,12.287,42.091,-68.683,13.534,-64.822,114.57,29.245,111.1,-157.53,-40.265,-58.48,-12.873,-134.03,224.52,-116.28,-6.4118,102.87,-80.396,53.732,-84.984,-85.928,141.78,-55.023,-137.47,-124.27,-61.11,-10.825,-66.045,184.87,143.05,3.7765,-127.56,-63.948,-59.465,-98.194,-256.39,-90.808,-66.33,141.5,-86.377,25.658,4.6052,-60.045,-23.053,24.46,137.92,-20.384,-87.605,-3.993,-88.114,82.964,-129.73,-151.79,-129.39,139.61,45.386,74.181,105.81,115.61,96.153,30.298,-27.874,66.115,159.87,-97.041,-105.75,-281.17,-4.9396,-3.3459,-197.44,-129.69,-16.963,52.87,-144.06,54.919,-94.027,50.724,-42.816,-172.98,-107.58,-47.85,-114.24,-36.8,-197.27,48.085,4.1803,-65.97,46.294,-5.5859,44.12,48.205,-171.04,10.358,-116.01,-74.454,35.918,-131.24,-16.331
39.735,-14.667,53.775,-2.4717,-29.408,3.0768,55.415,34.65,-60.007,-40.274,47.457,11.252,28.955,153.54,-31.319,38.944,43.987,-2.8404,52.381,56.891,56.452,-14,-103.1,104.15,22.521,69.728,-7.5971,54.659,3.3731,49.125,-14.791,69.388,-34.04,40.254,49.755,57.043,-92.837,-1.4684,35.308,-58.283,-1.7147,62.401,64.356,-118,-13.323,-177.88,-41.248,-31.15,30.304,-41.668,19.501,-33.608,-28.171,14.732,-40.982,-92.01,3.8138,75.532,24.613,17.1,31.989,-2.8215,54.813,-1.1727,59.44,52.118,27.494,-77.62,42.788,102.72,175.91,-127.96,105.33,-73.668,83.26,29.068,74.101,-89.741,34.524,136.06,-19.264,25.944,10.498,-14.77,-70.71,107.7,66.266,8.717,85.188,47.429,-37.849,-7.8027,96.499,54.644,-12.887,47.853,-26.082,1.6538,45.224,19.59,101.85,-1.728,25.095,137.13,-82.099,12.915,24.225,47.455,110.28,41.126,89.856,-77.98,101.36,-51.918,100.99,85.177,33.879,-4.1472,7.8753,122.79,70.755,25.353,124.55,204.59,24.82,-11.548,22.963,80.598,89.781,5.5487,76.469,33.726,29.019,18.118,13.561,27.768,111.77,25.299,115.64,62.109,-57.331,25.748,26.396,6.0895,-9.7903,89.053,43.829,14.251,58.019,9.8278,47.513,9.6605,56.031,-79.548,40.222
-153.02,-83.724,52.967,4.3757,63.786,125.7,-341.83,86.891,271.46,8.877,-145.85,-3.2205,-71.695,-442.33,-869.56,-133.91,-73.782,-122.2,-103.27,24.811,64.102,-299.28,-68.436,14.964,-141.14,-197.67,-264.56,-20.959,-231.28,-120.94,-0.15103,11.173,36.897,-3.5302,-58.155,-82.064,-66.206,-305.07,-0.89048,-190.53,7.3692,-181.2,108.51,79.272,56.556,-269.35,-102.94,69.818,-4.0731,-175.29,-128.39,-35.176,-82.936,77.888,-99.071,-177.8,-68.272,-2.865,-30.832,5.7765,-89.101,-0.84426,8.8003,10.865,-197.03,51.622,-38.656,-7.0501,-94.167,-197.59,-385.75,-124.46,131.04,-123.82,-182.81,-61.047,-31.513,-4.3187,-112.74,-513.64,-137.61,-90.791,-129.9,-10.372,-326.68,47.872,-265.18,-168,165.28,56.724,-47.174,29.298,-818.59,-0.90561,-190.84,-80.971,-79.238,-273.39,-90.628,79.708,-259.42,109.78,-326.46,-247.83,-25.588,-62.022,-39.159,99.596,-171.09,-162.43,-457.72,-236.07,-97.82,-115.54,-81.885,-92.104,-152.5,-99.149,-135.93,-244.23,-105.32,-177.01,-507.17,-517.58,-63.742,-109.17,43.075,-35.642,-221.03,-150.18,-211.23,-145.43,-92.957,28.184,147.68,-37.577,225.51,145.04,42.151,-135.44,104.07,75.487,392.25,308.12,66.924,160.18,117.24,9.1983,39.797,-6.3007,106.23,60.893,-36.732,114.92,180
-4.4719,-79.415,166.71,59.612,157.58,-50.56,246.95,-23.576,109.14,34.984,-5.7123,-11.178,45.787,189.94,34.281,115.48,33.545,33.666,-29.342,276.17,132.35,-220.33,-93.588,-163.71,-53.26,411.25,-165.37,-14.123,-102.73,150.4,-41.29,41.947,-155.76,17.843,-25.354,-7.7235,-39.281,-230.66,-14.314,-290.09,-40.583,-68.925,-128.92,-184.52,118.57,-140.01,-144.51,37.91,26.391,-194.37,-85.939,1.0984,-16.161,214.51,-34.445,-94.734,162.04,10.322,28.603,-8.9991,-90.789,5.1123,344.18,46.882,-193.12,-35.834,-124.25,199.42,-453.02,144.74,-322.1,37.556,-20.107,9.0646,221.56,-55.89,-126.12,3.9796,204.06,-182.93,112.52,82.853,54.525,-28.635,33.549,155.64,253.27,-9.3253,21.452,89.707,-22.985,106.68,-86.31,24.384,35.249,-154.56,23.786,-144.46,-7.7192,209.47,-159.02,-41.793,-86.955,-174.36,105.98,10.66,34.737,461.34,-94.539,18.337,487.56,-148.38,109.21,-122.61,61.017,109.66,-63.518,-60.106,27.458,181.4,25.925,-1.0602,57.037,-385.03,-24.732,-16.043,213.46,129.61,-580.01,313.81,-216.04,108.98,-82.513,53.108,375.19,-143.78,103.81,80.666,-55,31.772,106.41,-7.5197,227.22,213.87,19.163,118.38,168.36,-52.834,-126.22,179.74,217.15,69.434,-0.075744,68.5,-59.983
41.391,-95.195,9.9173,24.317,-11.956,83.26,-88.787,127.41,248.42,105.45,108.41,48.904,-22.161,331.76,322.2,58.337,159.95,171.03,152.09,205.06,55.307,185.72,236.03,175.84,85.516,236.38,-9.6827,28.417,198.51,105.74,189.33,133.89,86.458,-8.4667,112.34,14.532,130.5,166.06,-0.3459,116.59,50,133.94,175.24,80.959,-12.249,206.15,107.71,29.071,30.934,166.21,-46.568,36.322,71.275,42.955,48.689,258.82,-11.131,-5.3906,72.742,64.829,32.85,-176.09,93.245,-30.65,114.64,18.442,-8.3778,74.667,228.72,298.3,494.53,178.4,175.88,141.86,219.75,189.18,227.77,229.35,128.68,197.24,251.26,192.49,124.33,35.732,208.62,45.671,145.55,169.65,132.31,63.992,100.04,65.244,512.55,169.07,91.412,206.24,223.72,143.65,120.24,136.85,172,75.078,185.37,14.481,37.648,136.47,146.53,-63.6,156.53,308.51,390.6,-6.9541,113.18,89.184,-12.156,264.83,164.34,11.213,120.29,242.44,131.51,124.2,17.276,533.05,168.77,171.33,155.98,313.39,233.69,68.759,251.17,187.69,85.429,-30.314,213.04,131.02,20.565,-52.976,170.99,198.8,185.69,75.279,-27.368,-24.085,153.39,118.6,177.41,267.71,-14.553,25.726,-14.529,109.79,155.06,-7.9214,158.01
42.606,-121.08,-94.239,-4.4625,-73.071,72.864,-62.323,78.59,-58.671,-6.4666,-92.387,34.324,-20.657,229.36,19.018,-49.968,127.12,23.165,170.37,60.358,-33.574,-38.081,74.878,158.69,24.214,52.82,0.26724,3.1353,57.466,-56.449,164,-68.303,25.059,5.5328,46.192,16.724,142.76,-39.593,-63.967,-39.98,-9.5423,94.639,14.01,87.233,-19.972,34.397,88.19,46.676,-120.56,49.828,-66.963,-1.6668,-36.229,46.606,35.9,131.9,-18.261,-17.012,7.8193,57.237,45.225,61.083,-74.091,82.775,212.8,164.76,162.47,19.341,70.335,-25.418,197.3,60.418,183.19,116.6,89.845,-21.7,30.749,126.12,62.988,-247.89,36.118,-29.065,-2.4205,31.385,-215.4,172.16,220.92,56.438,103.6,63.527,12.336,-6.7834,5.7322,94.149,169.9,217.46,19.368,-80.876,33.67,-265.29,114.76,62.939,416.82,250.26,149.64,-25.556,118.24,-50.139,-51.981,206.9,206.05,26.389,60.298,-9.7698,10.991,-21.557,33.996,-62.692,79.927,279.44,244.09,-113.92,0.44522,18.583,93.83,92.327,-59.508,10.731,101.36,67.852,82.826,115.58,53.243,-79.178,74.902,82.734,-48.829,-78.147,45.104,76.024,-117.9,125.33,-115.26,11.407,73.832,5.204,-23.24,142.64,-103.19,-45.164,-19.432,-10.061,77.7,15.915,-79.515
